name ,code,HEX,company
air breeze,9436,FECE8B,Asian Paints
button rose,8108,F8F8F8,Asian Paints
soft breeze,8116,A539FF,Asian Paints
zinnia bloom,8716,EFE3DF,Asian Paints
essence,8099,F7E2E2,Asian Paints
pink mist,8092,F7E2E0,Asian Paints
angel harp,8124,F5E2E2,Asian Paints
lucid dream,5182,8839FF,Asian Paints
winged angel,8100,F8F8F8,Asian Paints
touch of fuschia,8140,F7EDE9,Asian Paints
day lily,8060,8839FF,Asian Paints
tinge of rose,8084,F5E6E1,Asian Paints
soft chenille,8036,F9E9DE,Asian Paints
zen,8676,F4E6DD,Asian Paints
white clay,8620,F3E3D7,Asian Paints
milkshake,8012,F9E4D1,Asian Paints
lilac frost,7148,ECE7E4,Asian Paints
twilight sky,8204,577FBB,Asian Paints
daisy bloom,L178,EFEAE6,Asian Paints
willow creek,8068,F8F8F8,Asian Paints
gossamer,8052,F7EBE2,Asian Paints
blush,L139,F8F8F8,Asian Paints
summer blush-n,945,E7DECF,Asian Paints
fresh fuel,9516,EAE7E1,Asian Paints
white butter,L164,F8F8F8,Asian Paints
white cameo,L145,F7F0E6,Asian Paints
crushed ice,L140,F3ECDE,Asian Paints
snow blush,L138,8839FF,Asian Paints
harmony,L147,F3EADB,Asian Paints
macadamia,5184,F8F8F8,Asian Paints
desert ivory,8020,F5E8D9,Asian Paints
coral shell,951,F8F8F8,Asian Paints
virgin lace,L107,F8F8F8,Asian Paints
cobbled path,8636,F7ECE1,Asian Paints
rose blush,5232,F8F8F8,Asian Paints
mica matte,L142,F2EAE1,Asian Paints
peach organza,8028,F6ECDF,Asian Paints
natural linen,L132,F0E7D4,Asian Paints
sesame seed,L127,F8F8F8,Asian Paints
lovely lace,L131,F8F8F8,Asian Paints
crescent,7948,F7F0DD,Asian Paints
thick cream,7860,F4EED9,Asian Paints
cream,307,F8F8F8,Asian Paints
puppy love,3203,ECDEC6,Asian Paints
buttercream-n,L188,E7DCC3,Asian Paints
light butter-n,L189,8839FF,Asian Paints
dawn dew-n,L190,F8F1BB,Asian Paints
cold coffee,L129,D6A778,Asian Paints
mellow orange,8004,F7F0E3,Asian Paints
cream tone,7996,F7EEDF,Asian Paints
south pole,L141,F3E9DD,Asian Paints
raw jute,L151,F4ECDE,Asian Paints
soft glow,952,E9DFD2,Asian Paints
white fog,L173,E7E1D6,Asian Paints
silver spree,8460,E7E1D6,Asian Paints
sahara dream,L135,E5DDD0,Asian Paints
pressed linen,L150,F6F0E3,Asian Paints
sugared nut,L126,F8F1DF,Asian Paints
powder puff,7972,F6F0E1,Asian Paints
sombre moon,7988,8839FF,Asian Paints
soft silk,L160,8839FF,Asian Paints
arabian sand,L133,F1E7D4,Asian Paints
pebble white,L136,F1E8D8,Asian Paints
shepherd trail,8764,888FFF,Asian Paints
sonnet,L146,F7F1E7,Asian Paints
blossom tint,L148,F4EEE0,Asian Paints
pale pearl,7940,F2ECDE,Asian Paints
pure ivory,L124,8839FF,Asian Paints
solitaire,8500,EEE7DA,Asian Paints
double cream,L134,F0EADA,Asian Paints
white canvas,L157,F8F8F8,Asian Paints
silence,L158,EDE7DC,Asian Paints
rain drop,L143,F5F0E7,Asian Paints
chalk powder,L183,F8F8F8,Asian Paints
pearl star,L103,F0E9E0,Asian Paints
almost ivory,L156,F3EDE0,Asian Paints
milky way,L102,8839FF,Asian Paints
retro white,L179,EFE8DD,Asian Paints
whitener,8476,E9E3D9,Asian Paints
enlighten-n,4148,E0D8CB,Asian Paints
silver comet,L125,F6F0DE,Asian Paints
angel cloud,L123,F3EEDF,Asian Paints
cotton wool,L104,F2EEE3,Asian Paints
swan wing,L101,F5EFE1,Asian Paints
eggshell,L149,F0EADC,Asian Paints
vanilla mist,L174,F0E9DA,Asian Paints
white delight,8436,E9E4D9,Asian Paints
dreamy night,L159,E6E0D3,Asian Paints
love song,L144,F4F0E5,Asian Paints
sea shine,L170,F2EEE2,Asian Paints
blank canvas,7932,F7F2E3,Asian Paints
ice crystal,8444,EFEADF,Asian Paints
crystal peak,L105,F2EEE3,Asian Paints
skimmed cream,L122,E3F8F8,Asian Paints
soft snow,L175,EFE8DA,Asian Paints
natural cream,8483,E9E2D3,Asian Paints
cream pie,L152,8839FF,Asian Paints
pale sisal,L155,F5F2E6,Asian Paints
morning glory,765,8839FF,Asian Paints
pristine linen,L153,F0ECDE,Asian Paints
soft glance,8484,EEEADE,Asian Paints
glacier ridge,8428,E9E5DA,Asian Paints
icy peak,L109,E7E5DA,Asian Paints
confetti,8300,E2DED6,Asian Paints
pipe dream,L154,F6F3E7,Asian Paints
moonlight,L121,F3EFDC,Asian Paints
vanilla ice,7836,F3EEDA,Asian Paints
firefly flicker,7916,F6F2DF,Asian Paints
white bush,L176,8839FF,Asian Paints
avalanche,8412,ECEADC,Asian Paints
white gold,8292,E3E3DC,Asian Paints
snowflake,8332,D9D8CF,Asian Paints
absolute white,L161,F3F2EC,Asian Paints
indian cotton,L165,2878C2,Asian Paints
pure cotton,L172,F1EEE0,Asian Paints
white cheese,L177,EEEADD,Asian Paints
spirit wind,8372,E8E8DE,Asian Paints
cosmic dust,8348,E7E7DE,Asian Paints
jade isle,8404,E4E3D6,Asian Paints
virgin mountain,8396,DCDED1,Asian Paints
shy iris,7220,EEECE7,Asian Paints
camphor,8260,EDEBE3,Asian Paints
water spray,L118,EDEFE3,Asian Paints
mint lustre,L120,EEEEDF,Asian Paints
misty meadow,7668,EFEFDE,Asian Paints
green republic,7676,E9EEDB,Asian Paints
winter nip,7660,E8EEDB,Asian Paints
repose,7684,CFF1F8,Asian Paints
sour cream,L166,F0EFE9,Asian Paints
white silk,L171,F0EFE9,Asian Paints
spotless,L169,EEEEE8,Asian Paints
cream pudding,L108,EAEBE4,Asian Paints
night jasmine,L185,EBEDE2,Asian Paints
tranquil green,8388,E6E7D9,Asian Paints
mint essence,L117,E8EEE1,Asian Paints
ocean spray,947,E3EADC,Asian Paints
salt white,L163,8839FF,Asian Paints
white satin,L119,EDEFE2,Asian Paints
iceland,763,EBEDE4,Asian Paints
white echo,L112,EBEEE4,Asian Paints
menthol,L116,E7EFE2,Asian Paints
alpine,1205,E0E7E0,Asian Paints
first frost,8316,7FC9F8,Asian Paints
smooth flow,9484,E3F8F8,Asian Paints
biennale white,L162,F0EEE8,Asian Paints
lap of himalaya,L186,E8E8E2,Asian Paints
blue harmony,7252,EAEBE6,Asian Paints
sky mimic,7420,E7EBE5,Asian Paints
seagull point,L113,E8EEE4,Asian Paints
zen mist,7556,E2EDDF,Asian Paints
barrier reef,7612,E1EDDD,Asian Paints
ocean cliffs,8347,D9E2DA,Asian Paints
ice grey,8259,E0E0DC,Asian Paints
mirage white,8276,DFE5E1,Asian Paints
sheer ice,L111,E4E8E1,Asian Paints
meadow mist,7492,E3F8F8,Asian Paints
quiet lake,7572,E4EDE1,Asian Paints
white bisque,L115,E2ECE1,Asian Paints
alpine green,7588,DDECDE,Asian Paints
summer song,7564,DCEADD,Asian Paints
white forest,L184,8839FF,Asian Paints
hill crest,7236,E7EDE9,Asian Paints
brush stroke,7276,E0E4E3,Asian Paints
snow princess,7332,E2EAE7,Asian Paints
sail boat,7444,E1EDE6,Asian Paints
bay breeze,7476,DEEAE4,Asian Paints
mainstream,7491,DBE8E0,Asian Paints
cool crystal-n,977,D4DAD8,Asian Paints
white sugar,L181,E7ECEB,Asian Paints
jet stream,7300,E2E8E5,Asian Paints
surfs up,7308,DEE5E3,Asian Paints
spring dew,7348,E0EAE6,Asian Paints
spring thaw,7388,DCE4E1,Asian Paints
whispering breeze,7412,DFEBE6,Asian Paints
aqua hint,L114,DFEDE6,Asian Paints
crystal river,7460,D1E8E2,Asian Paints
winter morn,7228,E4E5E4,Asian Paints
fairytale,7251,DBE4E8,Asian Paints
star gaze,7364,D9E7E6,Asian Paints
phantom lake,7372,D9E5E3,Asian Paints
bird bath,7347,D4E4E6,Asian Paints
caribbean sky,7419,D3E2E0,Asian Paints
solitude,9228,D1E3E3,Asian Paints
high spirits,7363,C7E2E7,Asian Paints
lilac breeze,7188,E6E3E0,Asian Paints
innocent white,L180,EAEAE9,Asian Paints
lavender lace,7156,ECE6E4,Asian Paints
gem stone,7172,E9E6E8,Asian Paints
delicate violet,7164,E8E4E6,Asian Paints
pale chiffon,7155,E8E1E4,Asian Paints
baby orchid-n,L187,E7E2E9,Asian Paints
lavender secret,7163,E1DBE5,Asian Paints
purity-n,766,EFEAE6,Asian Paints
mystic sky,8212,EAE3DF,Asian Paints
pale blush,8132,F4E8E7,Asian Paints
divinity,8700,EBDDDA,Asian Paints
iris ice,9108,F0E5E5,Asian Paints
pink seduction,8148,F2E7E7,Asian Paints
rosy view,8172,EEE0E3,Asian Paints
purple dye,7115,EDDEE4,Asian Paints
outdoor pink,9425,EBC0DE,Asian Paints
rose essence,9417,ECBED9,Asian Paints
mastani-n,9581,E2BBCF,Asian Paints
twilight pink,9416,E1A5CA,Asian Paints
pink panther-n,9583,D786B0,Asian Paints
pink flower,9414,CF78AA,Asian Paints
fervent fuchsia-n,9584,B05987,Asian Paints
acai berry-n,9585,764060,Asian Paints
sky pink,9428,F3ECE9,Asian Paints
delicate pink,9427,F2E2E8,Asian Paints
candy floss,9426,EFCFE4,Asian Paints
morning rays,9424,DCA0CB,Asian Paints
soft petals,9423,D693C1,Asian Paints
pink water,9422,CC79B0,Asian Paints
fabric pink,9421,994264,Asian Paints
royal satin,8165,6D4358,Asian Paints
zinnia pink-n,9586,D7A3C9,Asian Paints
mauve spring-n,9587,C983B6,Asian Paints
allium bloom-n,9588,BB7BB1,Asian Paints
rich rose-n,9589,B06A9F,Asian Paints
mauve marvel-n,9590,A15E88,Asian Paints
sweet prune-n,9591,765375,Asian Paints
indigo wine-n,9592,71476A,Asian Paints
purple verve,9101,6A475C,Asian Paints
pastell rosa-n,9593,E1F2FF,Asian Paints
true violet-n,9594,B987B7,Asian Paints
mulled berry-n,9595,A7799F,Asian Paints
cosmos pink-n,9596,AC6EA2,Asian Paints
blue plum-n,9597,955D8F,Asian Paints
onion peel-n,9598,915788,Asian Paints
juniper berries-n,9599,754773,Asian Paints
purple margarita-n,9600,64405E,Asian Paints
study in scarlet,7114,E7D0E2,Asian Paints
tickled pink,7113,E0C1DE,Asian Paints
dancing pink,9121,C8ADCE,Asian Paints
wisteria,7112,C8A8CF,Asian Paints
japanese lilac,7111,BB95C3,Asian Paints
happy hyacinth,7110,AA7EB2,Asian Paints
purple martini-n,9601,8F588E,Asian Paints
iris impact,7109,6A4C6E,Asian Paints
catmint blossom-n,9602,CAB1DA,Asian Paints
pink reserve,9120,B296BE,Asian Paints
orchidia-n,9603,A785B5,Asian Paints
queenâ€™s parlour-n,9604,9E7AB1,Asian Paints
gulabi muscat-n,9605,7A6187,Asian Paints
purple lore-n,9606,5F4467,Asian Paints
purple galaxy-n,9607,654763,Asian Paints
regal air-n,9608,4C4556,Asian Paints
lilac tint-n,9609,D8CDE2,Asian Paints
lilac linen-n,K285,D1C2DF,Asian Paints
lavender lyric-n,9610,B1A0C2,Asian Paints
kadambari-n,9611,997FA9,Asian Paints
violet streak-n,9612,7.75E+88,Asian Paints
aronia purple-n,9613,705B83,Asian Paints
purple mystique-n,9614,685B7D,Asian Paints
thangjing-n,9615,625977,Asian Paints
wisteria lane-n,9616,AD98C9,Asian Paints
dianthus-n,9617,A584B9,Asian Paints
primrose purple-n,9618,73618D,Asian Paints
rajputana purple-n,9619,656195,Asian Paints
saintpaulia violet-n,9620,5B5581,Asian Paints
aurora purple-n,9621,534977,Asian Paints
true indigo-n,9622,564B62,Asian Paints
purple gem-n,9623,50415C,Asian Paints
lavender laugh,7147,DED6DC,Asian Paints
mauve hint,7146,CFC5D1,Asian Paints
wisteria wish,7145,C3B7C7,Asian Paints
italian iris,7144,ACA6B8,Asian Paints
lilac dusk-n,9624,746F7F,Asian Paints
purple illusion,7143,898195,Asian Paints
vibrant mauve,7142,7.56E+83,Asian Paints
blue grape-n,9625,554D5D,Asian Paints
spring bouquet,7154,E0D7E1,Asian Paints
caprice,7008,CEC2D9,Asian Paints
mount olympus,7152,BBB1CD,Asian Paints
heirloom,7151,A097BA,Asian Paints
fuchsia fiesta-n,9626,978CB5,Asian Paints
regal jewel,7150,887DA3,Asian Paints
royal mauve,7149,5E506C,Asian Paints
emperor's purple-n,9627,53465B,Asian Paints
berry shake,9139,DCD7DA,Asian Paints
fading light-n,9628,DFDAE7,Asian Paints
quartz illusion,7162,D9D0E3,Asian Paints
potpourri,7161,CAC0DF,Asian Paints
dash of purple,7160,B4ADD4,Asian Paints
velvet night,7159,A49DCB,Asian Paints
royal robes,7158,827AB0,Asian Paints
violet kick-n,9629,5C527A,Asian Paints
carefree breeze,7171,D5D2DF,Asian Paints
misty purple,7170,C8C3D8,Asian Paints
lilac feather-n,9630,C6C3DC,Asian Paints
reverie,7051,B5B4CD,Asian Paints
orchid bloom,7168,A2A3C6,Asian Paints
tiffany,7167,9B9DC4,Asian Paints
intense purple,7166,7D7CAB,Asian Paints
dark triumph,7165,5.24E+72,Asian Paints
lavender sprig,7187,D9D5D9,Asian Paints
gypsy queen,719,CDC9D1,Asian Paints
pallid violet,7185,8839FF,Asian Paints
still pond,7184,A7A7B4,Asian Paints
garden beauty,7183,8C8C9C,Asian Paints
purple pansy,7182,6E6C7B,Asian Paints
victorian purple,7181,504D55,Asian Paints
charcoal plum-n,9631,47454F,Asian Paints
soft ballad,7196,DFDBE0,Asian Paints
cranberry ice,7195,D1CED9,Asian Paints
young berry,7194,BCB9CB,Asian Paints
princess purple,7193,A3A5B9,Asian Paints
senate purple,7192,9699AF,Asian Paints
mulberry,7191,7C7D93,Asian Paints
vintage velvet,7190,6C6D84,Asian Paints
lineage,7189,4F4D5A,Asian Paints
first ray,7204,E1DFE3,Asian Paints
delicate doll,7203,D5D5E0,Asian Paints
purple pride,7202,C7C8DC,Asian Paints
lined with lilac,7201,9FA4C6,Asian Paints
royal glimmer,7200,9298BC,Asian Paints
grape,7199,8087AD,Asian Paints
plum berry,7198,73799F,Asian Paints
rare orchid,7197,53516F,Asian Paints
natural beauty,7212,E3E3E6,Asian Paints
innocence,7211,D8DBE7,Asian Paints
hyacinth mist,7210,C8CEE4,Asian Paints
violet pond,7209,BAC2E1,Asian Paints
petal soft,7208,A4AED6,Asian Paints
classic purple,7207,8839FF,Asian Paints
purple heart,7206,6977B0,Asian Paints
purple chiffon,7205,52578D,Asian Paints
pearly gates,7219,E1E3E7,Asian Paints
beautiful berry,7218,CCD3E3,Asian Paints
lilac ribbon-n,9632,C7CDE7,Asian Paints
berry blush,7217,B8C3E2,Asian Paints
edge of dawn,7216,9FAED6,Asian Paints
french purple,7215,8298C9,Asian Paints
purple robe,7214,6A7FB7,Asian Paints
bluebell beauty-n,9633,5D6BA6,Asian Paints
house of windsor,7227,CFD4DE,Asian Paints
violet vista,7226,B7BFD3,Asian Paints
purple shell,7225,9FA9C2,Asian Paints
rum & raisin,7224,8896B1,Asian Paints
grape shake,7223,74829F,Asian Paints
mountain vale,7222,667492,Asian Paints
convent blue-n,9634,536684,Asian Paints
ganges midnight-n,9635,455069,Asian Paints
dusky iris,7235,D5DADC,Asian Paints
oracle,720,C2C9D1,Asian Paints
ice cube,7233,B0BAC8,Asian Paints
thunder,7232,9EA9B9,Asian Paints
pale orchid,7231,808DA0,Asian Paints
energy,7230,626B7D,Asian Paints
ladakh nights-n,9636,3D4255,Asian Paints
pantry plum,7229,484C56,Asian Paints
placid blue-n,9637,5981B6,Asian Paints
eastern bluebird-n,9638,FFFFFF,Asian Paints
columbine bloom-n,9639,5470A9,Asian Paints
istanbul blue-n,9640,49689E,Asian Paints
delphinium bloom-n,9641,424F81,Asian Paints
sharp navy-n,9642,3B4F7D,Asian Paints
sailorâ€™s stripes-n,9643,415273,Asian Paints
monsoon midnight-n,9644,38435F,Asian Paints
stratos-n,9645,DFE6EE,Asian Paints
blue cloud-n,9646,CEDEEA,Asian Paints
pool party,7250,C4D7E6,Asian Paints
morning sky,7249,A8C4E2,Asian Paints
blue charm,7248,94B3D8,Asian Paints
blue glory,7247,739BCB,Asian Paints
ink blue,7246,507BB2,Asian Paints
naval club-n,9647,305B90,Asian Paints
blue dawn,7275,C6D6E1,Asian Paints
summer sky,7274,AFC8DD,Asian Paints
scuba blue,7273,96B2CF,Asian Paints
washed indigo,7272,96B2CF,Asian Paints
blue pottery,7271,7A9DC2,Asian Paints
blue clover,1218,5A81A9,Asian Paints
oriental blue,1306,2E5282,Asian Paints
deep denim-n,9648,3E4158,Asian Paints
dove blue-n,9649,A1C5E5,Asian Paints
lake grey-n,9650,7294B3,Asian Paints
lucky sapphire,9150,5E82A8,Asian Paints
pangong blue-n,9651,407EB6,Asian Paints
persian pottery-n,9652,3D6992,Asian Paints
cairo blue-n,9653,26638E,Asian Paints
cobalt hit-n,9654,2A5684,Asian Paints
grand grape,7221,43505F,Asian Paints
classic,1243,C8D9E1,Asian Paints
sail away,7298,B6CEDB,Asian Paints
blissful blue,7297,A0C0D4,Asian Paints
far horizons,7296,85A8C0,Asian Paints
picture perfect,7295,6F95B2,Asian Paints
caspian sea,7294,4C7390,Asian Paints
mystic dream,7293,3D4C60,Asian Paints
night swimming-n,9655,384251,Asian Paints
gentle blue,1276,C8D9DF,Asian Paints
quiet refuge,7306,ABC6D6,Asian Paints
corsican sky,7305,8FADC1,Asian Paints
piece of sky,7304,6C90A9,Asian Paints
stormy sea,7303,5B7E98,Asian Paints
pleasant lake,7302,52738C,Asian Paints
lost blue,9182,567385,Asian Paints
pluto,7301,404F62,Asian Paints
gulmarg winters-n,9656,C3E1EA,Asian Paints
young boy blue,7330,A9D3E7,Asian Paints
blue bay,7329,8BC5E3,Asian Paints
soothing sapphire,7326,2B88BE,Asian Paints
empty sky-n,9657,2C7FB2,Asian Paints
twilight zone,7325,275C91,Asian Paints
pacifica-n,9658,306194,Asian Paints
nightfall-n,9659,404D69,Asian Paints
light sky,7331,C4DEE8,Asian Paints
young bloom,7346,BAD7E2,Asian Paints
splash,7345,95C5DC,Asian Paints
gauguin blue,7344,86B8D1,Asian Paints
firmament,7343,619FBE,Asian Paints
waikiki,7342,4386A8,Asian Paints
lake sapphire-n,9660,285B79,Asian Paints
prussian blue,7341,34556E,Asian Paints
sky watch,7362,A4D4E3,Asian Paints
morning frost,7361,82C5DD,Asian Paints
costa brava-n,9661,75C8E4,Asian Paints
blue curacao,7360,78BAD4,Asian Paints
dayflower blue-n,9662,44A7CF,Asian Paints
hidden springs,7358,238CB0,Asian Paints
peacock crest-n,9663,0D648A,Asian Paints
emphasis,7357,265D7A,Asian Paints
water rapids,7371,B8D2DA,Asian Paints
sea ridge,7370,A2C5D2,Asian Paints
harbor fog,7369,96BDCC,Asian Paints
thunder bay,7368,7EA5B7,Asian Paints
storm blue,7367,668FA3,Asian Paints
deep water,9223,598EA2,Asian Paints
ashberry,7366,4.86E+83,Asian Paints
stormy night-n,9664,31566B,Asian Paints
alliance,1203,C6D7D9,Asian Paints
sea shades,9474,B9C8C8,Asian Paints
blank slate,7386,B5CED3,Asian Paints
brazen breeze,7385,A5C0C5,Asian Paints
dolphin dance,7384,94B0B8,Asian Paints
wedgewood,0U42,7796A0,Asian Paints
dusk blue,7382,57747D,Asian Paints
autumn shower,7381,40494E,Asian Paints
soft blue,9210,ABDAE9,Asian Paints
water jet,9209,78C6E6,Asian Paints
electric azure-n,9665,55BADE,Asian Paints
dal lake blue-n,9666,078BBE,Asian Paints
marinerâ€™s muse-n,9667,1D739D,Asian Paints
blackwater-n,9668,32567F,Asian Paints
new moon sky-n,9669,3F526B,Asian Paints
armada,0U29,35485A,Asian Paints
spring time,9211,D4E8E9,Asian Paints
nautilus,7411,C4E3E6,Asian Paints
new day,7410,9DD6E2,Asian Paints
paradise bay,7409,7BCBDD,Asian Paints
running stream,7408,57B9D1,Asian Paints
azure sky,7407,2AABC8,Asian Paints
citadel,7406,0096B4,Asian Paints
blue dome,7405,00637D,Asian Paints
suhana mausam-n,9670,BCE4EC,Asian Paints
ocean electric-n,9671,5EA7E3,Asian Paints
yacht blue-n,9672,268AA5,Asian Paints
blue ripple-n,9673,007B98,Asian Paints
caspian waters-n,9674,007BA1,Asian Paints
iznik blue-n,9675,307490,Asian Paints
night dive-n,9676,19708C,Asian Paints
inky sky-n,9677,3A657A,Asian Paints
varkala surf-n,9678,8ED3E9,Asian Paints
little andaman-n,9679,59A8B8,Asian Paints
retro blue-n,9680,0091AE,Asian Paints
refreshing aqua-n,9681,0088A3,Asian Paints
adriatic waters-n,9682,007D95,Asian Paints
blue quill-n,9683,2A6071,Asian Paints
moonlight river-n,9684,2B5971,Asian Paints
scholar's blue-n,9685,3A5164,Asian Paints
city sky,7418,B7D3D6,Asian Paints
manor blue-n,195,A1C5CD,Asian Paints
tropical sea,7416,92B6BF,Asian Paints
steel mesh,7415,709CA7,Asian Paints
coromandel coast-n,9686,3A808F,Asian Paints
isle of capri,7414,517D87,Asian Paints
deep sea,7413,405D64,Asian Paints
pensive prussian-n,9687,305561,Asian Paints
oceans whisper,7436,CFE6E5,Asian Paints
mint blue,7435,BEE2E3,Asian Paints
rhine blue,1319,A5D9DF,Asian Paints
pigeon blue-n,122,8ACEDA,Asian Paints
blue vision,7432,77C1CF,Asian Paints
patch of blue,7431,51AEC1,Asian Paints
dream scapes,7430,0990A4,Asian Paints
night edition,7429,325766,Asian Paints
asmani-n,9688,C0E8E7,Asian Paints
sea surf,7442,9EDCDF,Asian Paints
magic blue,7441,80D1D9,Asian Paints
swan song,7440,6EC6D0,Asian Paints
twilight sea,7439,2DB1BE,Asian Paints
cape town-n,9689,8195,Asian Paints
dancing peacock-n,9690,00647A,Asian Paints
shadow-n,9691,354B56,Asian Paints
foliage blue,7459,C0E3DE,Asian Paints
mauritius,7458,A7DBDA,Asian Paints
pleasant blue,7457,8BCFD1,Asian Paints
aqua shower,7456,7DC4C6,Asian Paints
maritime green,7455,53ACAF,Asian Paints
deep teal,7454,2E9395,Asian Paints
signature teal-n,9692,007A7D,Asian Paints
elm grove,7453,196A6D,Asian Paints
silent cyan-n,9693,ADE1E2,Asian Paints
pure sky-n,9694,94D8DA,Asian Paints
glacial lake-n,9695,63C4C7,Asian Paints
fiji fling-n,9696,00979B,Asian Paints
ajrakh blue-n,9697,008B95,Asian Paints
vanuatu blue-n,9698,1.27E+90,Asian Paints
hokkaido coast-n,9699,6.00E+76,Asian Paints
prussian teal-n,9700,235F69,Asian Paints
cool cirrus-n,9701,84D3D4,Asian Paints
serene cyan-n,9702,3BBFC2,Asian Paints
hawaiian blue-n,9703,3AB4B9,Asian Paints
lake supreme-n,9704,9396,Asian Paints
tidal waters-n,9705,00888B,Asian Paints
aqua love-n,9706,F8F8F8,Asian Paints
island retreat-n,9707,00798A,Asian Paints
sylvan lake-n,9708,006B7C,Asian Paints
sea horse,7475,D0E4DE,Asian Paints
sapphire ice,7474,B0CFCC,Asian Paints
coastal view,7473,94C5C5,Asian Paints
vitality,7472,83B1B5,Asian Paints
crystal reef-n,9709,6EA1A8,Asian Paints
prairie green,7471,699FA3,Asian Paints
teal magic,7470,487C80,Asian Paints
reef green,7469,3B585C,Asian Paints
iced teal,7483,C7DCD6,Asian Paints
sparkling water,7482,B5D1CD,Asian Paints
teal swirl,7481,9EC3BF,Asian Paints
still aqua,7480,84A8A8,Asian Paints
continental green,7479,719696,Asian Paints
ash blue-n,9710,729492,Asian Paints
malabar hills,7478,547675,Asian Paints
estuarine-n,9711,3E5B5A,Asian Paints
gulf of aden,7490,BADDD6,Asian Paints
revival green,7489,A2D1CD,Asian Paints
tidal wave,7488,94C4C1,Asian Paints
pristine bay-n,9712,70B1B1,Asian Paints
still blue,7487,65A09B,Asian Paints
green tropics,7486,65A09B,Asian Paints
mystic mountain-n,9713,2B6764,Asian Paints
thicket,7485,2B5D5F,Asian Paints
subtle green,7508,D2ECE4,Asian Paints
baby aqua,7507,C2E8E2,Asian Paints
aqua fusion,7506,A8E3DE,Asian Paints
turquoise treat,7505,84D9D5,Asian Paints
ocean breeze,7504,72CECB,Asian Paints
teal blast,7503,31BBB7,Asian Paints
emerald satin,7502,00A8A0,Asian Paints
deep turquoise,7501,006F69,Asian Paints
inner peace,7443,C6E6E4,Asian Paints
vagator surf-n,9714,8FDACD,Asian Paints
herbal green,9271,40C4B0,Asian Paints
cyan sigh-n,9715,3DB8A5,Asian Paints
deep lagoon-n,9716,449691,Asian Paints
cool cove-n,9717,00938E,Asian Paints
aquatica-n,9718,7673,Asian Paints
ocean notion-n,9719,375F5E,Asian Paints
fresh mint,7516,D1EBE1,Asian Paints
green icicle,7515,C0E9E0,Asian Paints
marine green,7514,A8E4DB,Asian Paints
translucent green,7513,82D9CF,Asian Paints
caribbean green,7512,63CCC3,Asian Paints
valley green,7511,33BDB2,Asian Paints
bright jade,7510,00AA9B,Asian Paints
emerald accent,7509,7364,Asian Paints
soft hills,9266,BEDED5,Asian Paints
fairytale green,9281,93DACA,Asian Paints
havelock green-n,9720,72CEC0,Asian Paints
marari waters-n,9721,00A08C,Asian Paints
malibu green-n,9722,9188,Asian Paints
deep atlantic-n,9723,00847D,Asian Paints
barnacle bay-n,9724,00796E,Asian Paints
cool lagoon,7477,335152,Asian Paints
valley mist,7532,D0E8DF,Asian Paints
blue light,7531,C1E4DB,Asian Paints
mint cocktail,7530,AADCD1,Asian Paints
sea life,7529,9FD6CB,Asian Paints
green meadow,7528,83C0B9,Asian Paints
green haven,7527,66AEA5,Asian Paints
jade impact,7526,439186,Asian Paints
perennial glade,7525,266A61,Asian Paints
cascade,210,CFE7DC,Asian Paints
mint crush,7547,C0E1D3,Asian Paints
climbing fern,7546,AFD8CB,Asian Paints
wild mint,7545,99CCBE,Asian Paints
elf green,7544,87BAAE,Asian Paints
jade hut,7543,6BA699,Asian Paints
emerald valley,7542,4E8576,Asian Paints
billiard felt-n,9725,366F64,Asian Paints
cyan spark-n,9726,52C2AF,Asian Paints
laccadive-n,9727,40A79C,Asian Paints
opalesque-n,9728,9883,Asian Paints
ocean depths-n,9729,8471,Asian Paints
green rock-n,9730,0A7369,Asian Paints
oceanus-n,9731,166961,Asian Paints
midnight jade-n,9732,2A6256,Asian Paints
emerald black-n,9733,334A40,Asian Paints
kodaikanal teal-n,9734,639F83,Asian Paints
blue lagoon-n,9735,3F9F86,Asian Paints
putting green-n,9736,00936B,Asian Paints
aquamarine pop-n,9737,9676,Asian Paints
shifting tide-n,9738,00896C,Asian Paints
emerald sea-n,9739,157967,Asian Paints
bright teal-n,9740,7969,Asian Paints
meadow path,7541,345A52,Asian Paints
teal twist,7555,C8E8D9,Asian Paints
lotus pond,7554,ACE3D2,Asian Paints
snow bell,7553,8BD7C2,Asian Paints
light sabre,7552,7ECBB6,Asian Paints
ice cabbage,7551,65BDA7,Asian Paints
country green,7550,36A484,Asian Paints
varsity green-n,9741,8062,Asian Paints
teal dusk-n,9742,116757,Asian Paints
dawn of spring,7563,D2E6D8,Asian Paints
sea nymph,7562,B7D9C8,Asian Paints
lake view,7561,A3CEBC,Asian Paints
laguna beach,7560,8BB8A6,Asian Paints
conifer,7559,74A491,Asian Paints
white wine,7558,588771,Asian Paints
deep jungle,7557,3E5F55,Asian Paints
drones club green-n,9743,36574A,Asian Paints
malhaar-n,9744,87ACAA,Asian Paints
chilika lake-n,9745,77A59B,Asian Paints
mallardâ€™s crown-n,9746,6B9488,Asian Paints
serenade,9286,5C9178,Asian Paints
himalayan deodar-n,9747,528269,Asian Paints
nori green-n,9748,30795A,Asian Paints
aventurine-n,9749,3E6D59,Asian Paints
duck plume-n,9750,325142,Asian Paints
wispy mint-n,9751,D2ECD0,Asian Paints
mint moon-n,9752,87C697,Asian Paints
lime life,9311,75C48D,Asian Paints
lightning green-n,9753,29A35F,Asian Paints
halong bay-n,9754,33855C,Asian Paints
pine lake-n,9755,2F805B,Asian Paints
green lantern,7549,27755E,Asian Paints
barsaat-n,9756,2F4E42,Asian Paints
soft touch,7571,D3ECDE,Asian Paints
exotic spa,9298,B6E7CE,Asian Paints
paddy field,7570,B0E6D0,Asian Paints
iced kiwi,7569,98DFC4,Asian Paints
maya bay-n,9757,85D8B6,Asian Paints
surf green,266,88D4B7,Asian Paints
aquamarine,2357,5FC19B,Asian Paints
jungle trail,7565,0D8B5A,Asian Paints
spring green,9308,DBEEDE,Asian Paints
waterfall,0G23,D3E6D6,Asian Paints
spring meadow,7586,C3DECC,Asian Paints
ivy league,7585,ADD2BC,Asian Paints
poplar grove,7584,98BEA8,Asian Paints
natural tease,7583,77A38A,Asian Paints
green sprouts,7582,668F74,Asian Paints
pine-n,757,4B6B5A,Asian Paints
mint frosting-n,9758,DEF0DB,Asian Paints
green whisper,2425,D9E5D5,Asian Paints
dew drop,299,C8DCC9,Asian Paints
forest hike,7625,B4D0B7,Asian Paints
dry sage,7624,A2BFA6,Asian Paints
opaline green,2463,88A68B,Asian Paints
olive path,7622,6F8D6E,Asian Paints
mehendi-n,2361,5A6D52,Asian Paints
ice pack,7611,D0EAD4,Asian Paints
land's end,7610,B5E1C5,Asian Paints
green pastures,7609,A4DBBA,Asian Paints
forest canopy,7608,97CCA7,Asian Paints
terrace garden,7607,77B98B,Asian Paints
little creek,7606,60A16C,Asian Paints
pingpong green-n,9759,418D50,Asian Paints
tropical grass-n,9760,43684D,Asian Paints
celadon mist-n,9761,D1F0CE,Asian Paints
pastel parrot-n,9762,8CC47D,Asian Paints
mowed lawn-n,9763,4F8B3B,Asian Paints
chalkboard green-n,9764,4A8348,Asian Paints
jade green,2435,437D4C,Asian Paints
rainforest walk-n,9765,337E4D,Asian Paints
jade shadow-n,9766,3F6555,Asian Paints
midnight pine-n,9767,3F6555,Asian Paints
flowing green,7659,E2EDD5,Asian Paints
misty spring,7658,D4E8C4,Asian Paints
iced cucumber,7657,C1E3B6,Asian Paints
forest whisper,7656,B5DCA5,Asian Paints
amazon trail,7655,95CC84,Asian Paints
seasoning,7654,7BBB63,Asian Paints
happy parrot-n,9768,6BA54D,Asian Paints
jolly holly,7653,5.19E+42,Asian Paints
forest musk,7667,EAEDD6,Asian Paints
grassy path,7666,E6ECCE,Asian Paints
easy breezy-n,9769,E1ECBE,Asian Paints
crisp lettuce,7665,D0E5B2,Asian Paints
sage sensation,7664,C2DD9F,Asian Paints
aloe vera,7663,ACD484,Asian Paints
hidden hills,7662,94C261,Asian Paints
parrot green,7661,74AB37,Asian Paints
pale peppermint-n,9770,CDECB7,Asian Paints
fresh celery-n,9771,BCDB95,Asian Paints
palm meadow-n,9772,B1D27A,Asian Paints
matcha muffin-n,9773,97C15B,Asian Paints
lush treetops-n,9774,6BA13D,Asian Paints
tulsi-n,9775,57914B,Asian Paints
turtle cove-n,9776,507648,Asian Paints
turtle back-n,9777,5B764C,Asian Paints
matchamisu-n,9778,D3EDB9,Asian Paints
cucumber cooler-n,9779,D5E8AA,Asian Paints
green elaichi-n,9780,ABC47F,Asian Paints
veggie patch-n,9781,809647,Asian Paints
greenology-n,9782,7B8D3C,Asian Paints
rocket leaf-n,9783,558048,Asian Paints
nilgiri green-n,9784,4F7047,Asian Paints
midnight meadow-n,9785,4F5F3D,Asian Paints
green dawn-n,9786,E6F2D0,Asian Paints
menthol ice-n,9787,CCE4AA,Asian Paints
cornichon-n,9788,7F9049,Asian Paints
fresh coriander-n,9789,6F8E54,Asian Paints
pesto punch-n,9790,768042,Asian Paints
poker table-n,9791,5D7240,Asian Paints
green ebony,X157,556B52,Asian Paints
withering woods-n,9792,4C6049,Asian Paints
serene valley,7675,E5ECD5,Asian Paints
echo of spring,7674,D6E5C2,Asian Paints
english elms,2387,C7DBB1,Asian Paints
sound of nature,7672,BCD1A1,Asian Paints
cascade green,2370,9EBC83,Asian Paints
garden cress,7670,89A763,Asian Paints
easy peasy-n,9793,779748,Asian Paints
gulf stream,7669,6D8B46,Asian Paints
misty vale,946,E1E8D3,Asian Paints
spring fields,7682,D4E0C6,Asian Paints
green sleeves-n,2420,C9D7B9,Asian Paints
river cruise,7680,B9CAA9,Asian Paints
lake placid,7679,9EB38B,Asian Paints
batik green,7678,809668,Asian Paints
dark drama,7677,5F7549,Asian Paints
nocturnal woods-n,9794,56634B,Asian Paints
tapestry,972,E3E5D1,Asian Paints
tree of life,7691,D7DCC4,Asian Paints
forest foliage,7690,CAD2B4,Asian Paints
garden moss,7689,B2BA9A,Asian Paints
majestic mountain,7688,9FA987,Asian Paints
cedar lake,7687,939973,Asian Paints
scenic view,7686,838A67,Asian Paints
ming jade,7685,6E734F,Asian Paints
lemon twist,7716,F0EFDA,Asian Paints
luminous,7715,EBEBD1,Asian Paints
peace,2467,E8EBC7,Asian Paints
lime squash,7713,DCE4B3,Asian Paints
snappy green,7712,CCD69A,Asian Paints
lick of lime,7711,B8C77D,Asian Paints
green apple,7710,A5B75D,Asian Paints
chartreuse,7709,889F3F,Asian Paints
new green,7724,EBEBD6,Asian Paints
spring breeze,7723,E8E7CC,Asian Paints
glimpse of spring,7722,D9DAB5,Asian Paints
pale moss,7721,D1D3A9,Asian Paints
habitat,7720,C4C499,Asian Paints
spring grass,7719,ADAE7C,Asian Paints
spinach soul,7718,93945D,Asian Paints
vivid green,7717,86844C,Asian Paints
soft fern,7732,EBEBD3,Asian Paints
alto-n,2353,E7E9CA,Asian Paints
green tomato,7730,DFE4BC,Asian Paints
lime grove,7729,D6DDAD,Asian Paints
spring surprise,7728,C7CE96,Asian Paints
lime accent,7727,B4BF7E,Asian Paints
green salad,7726,A0AB5F,Asian Paints
fresh olive,7725,819041,Asian Paints
lemongrass tea-n,9795,E2EEC9,Asian Paints
pristine green,9353,D1E09A,Asian Paints
subtle celery-n,9796,CBE49B,Asian Paints
easy green,9352,C3D77E,Asian Paints
green shoot-n,9797,BCD776,Asian Paints
lozenge green-n,9798,A5B332,Asian Paints
summer lawn-n,9799,9DAA38,Asian Paints
open fields-n,9800,728544,Asian Paints
gossamer green-n,9801,EDF1D7,Asian Paints
lime sublime-n,9802,D3E388,Asian Paints
mild midori-n,9803,C0D149,Asian Paints
leafy lettuce-n,9804,88993B,Asian Paints
wild foliage-n,9805,7C854D,Asian Paints
okra green-n,9806,697C47,Asian Paints
super kale-n,9807,626E3C,Asian Paints
soldier green-n,9808,6.66E+45,Asian Paints
chinese cabbage-n,9809,ECF1CC,Asian Paints
pista lime-n,9810,CADB8F,Asian Paints
casaba green-n,9811,C9DA70,Asian Paints
parakeet green-n,9812,B4BB2E,Asian Paints
dark spinach-n,9813,6F7D39,Asian Paints
tea bush-n,9814,59663C,Asian Paints
montane forest-n,9815,555D3C,Asian Paints
forest night-n,9816,3F5340,Asian Paints
tinted pista-n,9817,EFF3D4,Asian Paints
guacamole zing-n,9818,D5DC82,Asian Paints
peas soup-n,9819,C0D05E,Asian Paints
pollyâ€™s green-n,9820,AABC37,Asian Paints
french bean-n,9821,8.69E+47,Asian Paints
fern garden-n,9822,838F47,Asian Paints
herbalicious-n,9823,82883A,Asian Paints
wimbledon green-n,9824,60643B,Asian Paints
pista tinge-n,9825,E2E6AC,Asian Paints
avocado cooler-n,K286,DDD98D,Asian Paints
citrus green-n,9826,CBD762,Asian Paints
draksha baug-n,9827,C1CB48,Asian Paints
green fern-n,9828,AEB134,Asian Paints
vine green-n,9829,9FA43B,Asian Paints
spinach soup-n,9830,90953E,Asian Paints
dried parsley-n,9831,747D49,Asian Paints
soft focus,7748,F1EFD7,Asian Paints
lemon grass,7747,EFEECE,Asian Paints
wedge of lime,7746,ECEAC0,Asian Paints
cucumber salad,7745,E7E9B3,Asian Paints
lime delight,7744,DFE29D,Asian Paints
peppy lime,7743,CFD879,Asian Paints
burst of lime,7742,BACC51,Asian Paints
banana leaf-n,9832,A8C14F,Asian Paints
pleasant pistachio-n,9833,D8E29D,Asian Paints
gooseberry green-n,9834,CDCF63,Asian Paints
neÃ³n verde-n,9835,C8CD3B,Asian Paints
dried lime-n,9836,BFBA34,Asian Paints
lime and lemony-n,9837,B7B639,Asian Paints
wasabi pea-n,9838,ADA643,Asian Paints
chlorophyll shot-n,9839,9F973C,Asian Paints
martini olive-n,9840,746E3F,Asian Paints
aniseed green-n,9841,CABA70,Asian Paints
sultry,9383,BEB57C,Asian Paints
mint mayonnaise-n,9842,A8A96A,Asian Paints
midday meadow-n,9843,ACA03C,Asian Paints
mangrove-n,9844,948B3A,Asian Paints
fresh cilantro-n,9845,6A6E3D,Asian Paints
herb paste-n,9846,626946,Asian Paints
grasslands-n,9847,606040,Asian Paints
burst of spring,7772,EFECD0,Asian Paints
hushed hue,7771,EEEBC8,Asian Paints
springdale,7770,E8E5B9,Asian Paints
green glade,7769,E6E1AF,Asian Paints
calm fauna,7768,D7D393,Asian Paints
harvest season,7767,CCC97D,Asian Paints
organic green,7766,B4B359,Asian Paints
golf greens,7765,A09E3B,Asian Paints
spring sunshine,9364,F1F0D4,Asian Paints
nimboo splash-n,9848,EADB75,Asian Paints
summer juice-n,K287,DFD162,Asian Paints
spring summer-n,9849,D0BE34,Asian Paints
muddy mustard-n,9850,B9A535,Asian Paints
lucky leek-n,9851,BDAD34,Asian Paints
moong green-n,9852,9A893E,Asian Paints
moss mud-n,9853,62593C,Asian Paints
green wisp,7780,F1EDD2,Asian Paints
lakeshore,7779,EEE9C4,Asian Paints
limon,7778,EAE8BA,Asian Paints
fresh sprout,7777,E1DE9D,Asian Paints
neon light,7776,E1DD84,Asian Paints
tech green,7775,DDD86F,Asian Paints
sour grapes-n,9854,D6D56E,Asian Paints
dropping leaves,9366,C2C458,Asian Paints
lily pad,7788,E7E4CF,Asian Paints
spring frolic,7787,DFDCC3,Asian Paints
cliffside,7786,CDCBAA,Asian Paints
safari green,7785,BBB899,Asian Paints
diced olive,7784,ACA885,Asian Paints
henna,2430,9F9972,Asian Paints
green gold,342,8C8861,Asian Paints
garland,7781,76724E,Asian Paints
ivory coast,3165,E7E2CB,Asian Paints
venetian green,262,E1DBBE,Asian Paints
sweet lime,758,D2CCA6,Asian Paints
jungle cane,7793,BEB792,Asian Paints
camelot,7792,AAA17A,Asian Paints
retro avocado,7791,9E9367,Asian Paints
bambi beige,7790,8F855C,Asian Paints
autumn gold,254,7F764D,Asian Paints
white marsh,7812,EDE7CB,Asian Paints
touch of spring-n,3226,E9E1BD,Asian Paints
dry moss,7810,DFD6A9,Asian Paints
chinese tea,7809,D0C38F,Asian Paints
young green,7808,BFB278,Asian Paints
sweet celery,7807,B4A464,Asian Paints
greenery,7806,A69858,Asian Paints
asparagus,7805,9A8B4A,Asian Paints
stately garden,7827,EFE6BF,Asian Paints
hermit shack,7826,ECE1B2,Asian Paints
meadow grass,7825,E1D69B,Asian Paints
garden frolic,7824,D9CB87,Asian Paints
italian olive,7823,D5C67C,Asian Paints
spring beauty,7822,C2B25D,Asian Paints
kitchen garden,7821,A1953E,Asian Paints
bamboo green-n,9855,807E3C,Asian Paints
herb butter-n,9856,EBD981,Asian Paints
lime burst-n,9857,E1C432,Asian Paints
mossy ground-n,9858,AA9342,Asian Paints
relish green-n,9859,A38631,Asian Paints
gherkin green-n,9860,937A36,Asian Paints
raw mango-n,9861,84773C,Asian Paints
pickled olive-n,9862,756B3B,Asian Paints
verde oliva-n,9863,66623D,Asian Paints
cream caress,7835,F7F0D8,Asian Paints
gold gleam,7834,F9EFC8,Asian Paints
sunkissed,7833,F9ECB9,Asian Paints
golden apple,7832,F4E199,Asian Paints
lemonade,7830,EDCD61,Asian Paints
yellow moss-n,9864,D1AC2E,Asian Paints
coconut palm-n,9865,B2922D,Asian Paints
indian olive-n,9866,95813A,Asian Paints
mild yellow,7844,F2EDD7,Asian Paints
margarine,7843,F3EACF,Asian Paints
yellow synergy,7842,F1E7C5,Asian Paints
corn field,7841,EDDEB1,Asian Paints
divine wine,7840,DFCE99,Asian Paints
musk melon,7839,D2BF80,Asian Paints
green beret,7838,BDA65D,Asian Paints
salmon green,7837,A38E41,Asian Paints
jasmine wisp-n,943,F1EAD6,Asian Paints
cashmere-n,3119,E9DEC1,Asian Paints
banana cream,7850,E2D4B3,Asian Paints
pebble moss,7849,D2C49F,Asian Paints
countryside,0G15,C3B38B,Asian Paints
ginger ale,7847,B5A574,Asian Paints
olive oil,7846,A39362,Asian Paints
green lawns,7845,817344,Asian Paints
spirit island,7828,F0E9CA,Asian Paints
brazen gold,7831,F0D579,Asian Paints
mosambi yellow-n,9867,F2D16F,Asian Paints
lentil yellow-n,9868,D0A61F,Asian Paints
green warbler-n,9869,BE9933,Asian Paints
mulligatawny-n,9870,B2883E,Asian Paints
oatmeal-n,9871,A48039,Asian Paints
olive tapenade-n,9872,9F8048,Asian Paints
lemon pie,7859,F5ECD0,Asian Paints
lime n' honey,7858,F5E9C4,Asian Paints
yellow suds,7857,F4E4B1,Asian Paints
goldilocks,7856,ECD798,Asian Paints
pale cardamom-n,9873,EAD18A,Asian Paints
inca ruins,7855,E2CA7E,Asian Paints
sea kelp,7854,D2B557,Asian Paints
open range,7853,BEA03E,Asian Paints
sun screen,7868,F7F2DA,Asian Paints
summer dew,7867,F8F0CF,Asian Paints
butter scotch,7866,F9EFC4,Asian Paints
wild yellow,7865,FCECB3,Asian Paints
lemon burst,7864,FEE795,Asian Paints
summer yellow,7863,FEE27B,Asian Paints
tangerine yellow-n,9874,F2D15D,Asian Paints
lazy daisy-n,9875,F1C83A,Asian Paints
soft honey,7876,F7F2DE,Asian Paints
dollop,7875,F8F1D5,Asian Paints
sunny sands,7874,F9E9C0,Asian Paints
lemon sprig,7873,FDEBB7,Asian Paints
saffron smile,7872,FEE495,Asian Paints
happy canary-n,9876,FEDC74,Asian Paints
mid-day,7871,FED774,Asian Paints
yellow blossom-n,9877,F5CB5A,Asian Paints
soft linen,7884,F9F0D8,Asian Paints
whipped cream,7883,F9EECE,Asian Paints
solemn yellow,7882,F4E0B4,Asian Paints
pineapple-n,399,F2D8A3,Asian Paints
honey mustard,7880,EBCB8E,Asian Paints
natural tinge,7879,DBB163,Asian Paints
sun shadow,7878,CFA452,Asian Paints
ripe olive,7877,BE9540,Asian Paints
pale ivory,7892,F3E8D1,Asian Paints
bamboo straw-n,9878,E4CBA1,Asian Paints
sands of thar-n,9879,E2BD89,Asian Paints
jaiphal dust-n,9880,D4AE70,Asian Paints
wholegrain mustard-n,9881,A87C46,Asian Paints
coffee almond-n,9882,A8814A,Asian Paints
dark almond-n,9883,86663D,Asian Paints
dried anjeer-n,9884,7C5B3A,Asian Paints
wheat sprig,7891,F0DFBE,Asian Paints
sisal mat,7890,EDD6AB,Asian Paints
mid cream,358,E3C798,Asian Paints
ginger root,7888,D3B17A,Asian Paints
pine cone,7887,C6A265,Asian Paints
botanica,7886,BD9759,Asian Paints
gold mine,7885,A98345,Asian Paints
military boots-n,9885,7C5E39,Asian Paints
candle light,7900,F7F0D7,Asian Paints
subtle tint,7899,F9EECC,Asian Paints
autumn valley,7898,FCEDBF,Asian Paints
cream custard,7897,FDEAB5,Asian Paints
sunlit sand,7896,FDD98B,Asian Paints
tons of sun,7895,FAD074,Asian Paints
sunny day,7894,F9C455,Asian Paints
mrig-n,K288,CC993F,Asian Paints
evening moon,7908,F5EED7,Asian Paints
candle wick,7907,F6EBCD,Asian Paints
eager yellow,7906,F8E9C1,Asian Paints
peeping sun,7905,FAE4AE,Asian Paints
morning dream,7904,FBDA97,Asian Paints
maize stalk,7903,F9CE76,Asian Paints
cheeky yellow,7902,F6BE54,Asian Paints
mustard wood-n,9886,C4943B,Asian Paints
moon year,7924,F7ECD3,Asian Paints
liquid light,7915,FAEFD3,Asian Paints
sundrenched,7914,FCEBC0,Asian Paints
golden aura,7913,FEE8B2,Asian Paints
yellow tulip,7912,FEE19D,Asian Paints
creme anglaise-n,9887,FEDD86,Asian Paints
ski valley,7911,FED87A,Asian Paints
billboard yellow-n,9888,EDB438,Asian Paints
summer sprinkle,7923,FAEAC9,Asian Paints
wild honey,7922,FEE7BC,Asian Paints
summer harvest,7921,FEDDA2,Asian Paints
yellow metal,7920,FED18C,Asian Paints
burnished sun,7919,FEC267,Asian Paints
empire yellow,7918,F7AF43,Asian Paints
bengal gram-n,9889,EDA42E,Asian Paints
jaisalmer-n,9890,D3993C,Asian Paints
shredded wheat,7931,F6EAD2,Asian Paints
hearth,7930,FAE4BC,Asian Paints
raffia,7929,FBDDA9,Asian Paints
sun dial,7928,F8D096,Asian Paints
chandan-n,9891,F1BC70,Asian Paints
casablanca,7927,EFBD74,Asian Paints
light ochre,7926,E2A754,Asian Paints
true ochre,7925,D2953C,Asian Paints
yellow gleam,7939,F5E9D3,Asian Paints
desert sun,7938,F8E1BE,Asian Paints
yellow iris,7937,F8D6A6,Asian Paints
hacienda clay,7936,EEC088,Asian Paints
yellow charm,7935,E7B274,Asian Paints
grains of sand,7934,D99E57,Asian Paints
earthen mix,7933,CA8C44,Asian Paints
pretzels-n,K289,A77548,Asian Paints
corn cob,7947,FAEBC9,Asian Paints
sunny side up,7946,FEE7BA,Asian Paints
yellow scoop,7945,FEE3A8,Asian Paints
sunspot,7944,FED98F,Asian Paints
bright fire,7943,FEC967,Asian Paints
lily gold,7942,FEBB39,Asian Paints
sunny pumpkin-n,9892,FEB73B,Asian Paints
hobakjuk yellow-n,9893,F29C32,Asian Paints
shea butter gold-n,9894,FED194,Asian Paints
jackfruit yellow-n,9895,FECA74,Asian Paints
marigold garland-n,9896,FEBF69,Asian Paints
afternoon glow-n,9897,FAAA26,Asian Paints
orange grove-n,9898,E89125,Asian Paints
mustard orange-n,9899,CB8536,Asian Paints
dusky tan-n,9900,C27A3C,Asian Paints
rustic earth-n,9901,A2653E,Asian Paints
honey dew,7956,F8EDD5,Asian Paints
cream silk,7955,FBE9C7,Asian Paints
dreamsicle,7954,FCE2BB,Asian Paints
fairy glitter,7953,FEDDA9,Asian Paints
martian sky,7952,FECE8B,Asian Paints
orange spark,7951,FEBA5E,Asian Paints
orange appeal,7949,FEA01C,Asian Paints
golden slumber-n,9902,D38B36,Asian Paints
custard apple,7964,F8EED9,Asian Paints
light chrome,7963,FBEBCE,Asian Paints
kesar milk,7962,FBE3BD,Asian Paints
peaches and cream,7961,FED9A1,Asian Paints
mango shake,7960,FEC882,Asian Paints
orange crush,7959,FEB969,Asian Paints
pumpkin harvest,7958,FEA844,Asian Paints
mellow melon-n,9903,DB8E3B,Asian Paints
peach melba,7971,FAECD5,Asian Paints
nacho cheese,7970,FCDEBB,Asian Paints
coral beach,7969,FDD6AB,Asian Paints
milk toffee,7968,F5C090,Asian Paints
warm glow,7967,EFB27C,Asian Paints
walnut shell,7966,DF9758,Asian Paints
rich tan,7965,C97D41,Asian Paints
butterscotch nut-n,9904,A96339,Asian Paints
sand bed,7980,F7EBD7,Asian Paints
apricot illusion,7979,FAE8CE,Asian Paints
orange frost,7978,FDE4C2,Asian Paints
mango duet,7977,FEDBB0,Asian Paints
sunset cloud,7976,FECC98,Asian Paints
roasted sesame,7975,FEAF6C,Asian Paints
marmalade toast-n,9905,D37E35,Asian Paints
aravalli rocks-n,9906,AB6F44,Asian Paints
marigold,7986,FCDAB7,Asian Paints
fossil,7985,FCD1A7,Asian Paints
sun-n-sand,7984,F9C394,Asian Paints
canyon sun,7983,EFAB77,Asian Paints
mecca gold,7982,E7975B,Asian Paints
dusky saffron,7981,D78143,Asian Paints
caramel sauce-n,9907,B96937,Asian Paints
nut roast-n,9908,965940,Asian Paints
hint of peach-n,9909,FCE2CB,Asian Paints
peach pie-n,9910,FEBD8E,Asian Paints
pale pawpaw-n,9911,FCAF83,Asian Paints
terracotta gold-n,9912,DD9969,Asian Paints
baked ochre-n,9913,C57439,Asian Paints
roasted almond-n,9914,A8663F,Asian Paints
red ant-n,9915,895949,Asian Paints
lavang-n,9916,6E4B45,Asian Paints
peachy glow-n,9917,FED3A6,Asian Paints
posh peach-n,9918,FEB97B,Asian Paints
mango mastani-n,9919,FEAF77,Asian Paints
deccan earth-n,9920,D5825C,Asian Paints
orange tan-n,9921,D36E44,Asian Paints
tic tac tan-n,9922,C86941,Asian Paints
amber teak-n,9923,AF5E3F,Asian Paints
pecan pie-n,9924,974F47,Asian Paints
sandalwood skin-n,9925,FECDA8,Asian Paints
ginger meringue-n,9926,FEC294,Asian Paints
radiant peony-n,9927,FDAF7E,Asian Paints
nutmeg sprinkle-n,9928,B6715A,Asian Paints
burnished earth-n,9929,9B634E,Asian Paints
muffin crust-n,9930,8B543F,Asian Paints
toffee almond-n,9931,825849,Asian Paints
walnut bark-n,9932,7B594F,Asian Paints
peach petal-n,9933,FED0AD,Asian Paints
sunshine peach-n,9934,FECB9C,Asian Paints
nectarine blush-n,9935,FEC48E,Asian Paints
peach bellini-n,9936,FEBC85,Asian Paints
red rust-n,9937,C76944,Asian Paints
laterite brown-n,9938,A95D4D,Asian Paints
brown seed-n,9939,7A5144,Asian Paints
pinyon pine-n,9940,664B43,Asian Paints
mehrangarh brown-n,9941,C87949,Asian Paints
roland gaross-n,9942,C8733A,Asian Paints
earthen hue-n,9943,AD633A,Asian Paints
burnt saffron-n,9944,A8674B,Asian Paints
muted auburn-n,9945,A2583F,Asian Paints
mahogany bay-n,9946,8.64E+45,Asian Paints
rhode island red-n,9947,7F4A46,Asian Paints
winery-n,9948,754041,Asian Paints
simply sunset,7995,FCE9D4,Asian Paints
peach rose,7994,FEE3C9,Asian Paints
melon sorbet,7993,FED6B4,Asian Paints
sunset beach,7992,FEBE98,Asian Paints
autumn pumpkin,7991,FEA578,Asian Paints
vivid orange,7990,F88E58,Asian Paints
roasted orange-n,9949,D46E3D,Asian Paints
mudpie-n,9950,835442,Asian Paints
pale dawn,8003,F9E9D8,Asian Paints
bashful beige,8002,FCD8BE,Asian Paints
peach flutter,8001,FDCCAE,Asian Paints
perfect peach,8000,F8B592,Asian Paints
orange silk,7999,F0A27C,Asian Paints
string of beads,7998,E68D60,Asian Paints
deep spice,7997,CB6C42,Asian Paints
simple sienna-n,9951,B76038,Asian Paints
flawless peach,8011,F8DCC5,Asian Paints
peach beach,8010,F8D1B5,Asian Paints
orange essence,8009,F4C6A9,Asian Paints
stoneware,8008,EEB295,Asian Paints
fawn dream,8007,E19A79,Asian Paints
volcano,578,CD7B59,Asian Paints
earthy brown,8005,AC644A,Asian Paints
rich teak-n,9952,9A533D,Asian Paints
coral rocks,8019,F7DCC6,Asian Paints
exotic spice,8018,F4CCB1,Asian Paints
peach carnation,8017,EFBE9F,Asian Paints
coral coast,8016,DCA082,Asian Paints
grand canyon,8015,CF8F71,Asian Paints
amber-n,5103,B97555,Asian Paints
copper moon,8013,AC6649,Asian Paints
derby day-n,9953,965C4B,Asian Paints
ginger tan-n,9954,A96655,Asian Paints
cappadocia coffee-n,9955,A1685E,Asian Paints
saddle hide-n,9956,9E5C4B,Asian Paints
caramello-n,9957,94513F,Asian Paints
dried arecanut-n,9958,835242,Asian Paints
acorn shell-n,9959,8.34E+44,Asian Paints
ripe tamarind-n,9960,754D46,Asian Paints
cherry brown-n,9961,6D4443,Asian Paints
rosy peach-n,9962,FDD1BC,Asian Paints
sunrise ray-n,9963,FAC9AD,Asian Paints
daisy peach-n,9964,FCC3A1,Asian Paints
salmon sun-n,9965,F7B093,Asian Paints
coral pearl-n,9966,F5A181,Asian Paints
faded salmon -n,9967,DD9081,Asian Paints
litchi skin-n,9968,C26555,Asian Paints
cherry tan-n,9969,AF6156,Asian Paints
touch of paprika,8027,FBE7D7,Asian Paints
daylight,8026,FEDDC9,Asian Paints
popsicle,8025,FED1B9,Asian Paints
orange nectar,8024,FDB69C,Asian Paints
carrot punch,8023,F79E81,Asian Paints
tropical peach,8022,F2845F,Asian Paints
saffron sun-n,9970,D96D4D,Asian Paints
russet tan-n,9971,B8603E,Asian Paints
rose bud,8035,FBE2D6,Asian Paints
pink bib,8034,FBD4C6,Asian Paints
pink crush,8033,F9C5B5,Asian Paints
sugared peach,8032,F3B3A5,Asian Paints
rosy coral,8031,EC9D8D,Asian Paints
coral cove,8030,DC7F69,Asian Paints
red earth,8029,B9584B,Asian Paints
tea rose blossom-n,9972,AB665A,Asian Paints
red fort sunset-n,9973,B55F49,Asian Paints
ginger hair-n,9974,A55A4C,Asian Paints
autumnal brown-n,9975,A35444,Asian Paints
minaret red-n,9976,A35C55,Asian Paints
cherry leather-n,9977,925149,Asian Paints
viva la vino-n,9978,90514F,Asian Paints
sienna cobble-n,9979,7A4543,Asian Paints
fig shell-n,9980,693E3F,Asian Paints
salsa,8061,D44F45,Asian Paints
scarlet sun-n,9981,C24C42,Asian Paints
russet rust-n,9982,C05F54,Asian Paints
brick dust-n,9983,B75E56,Asian Paints
rich prune-n,9984,A25151,Asian Paints
burgundy brown-n,9985,90504C,Asian Paints
lhasa temple-n,9986,8D4A47,Asian Paints
fizzy cola-n,9987,713F3C,Asian Paints
crimson flush,8051,F9E1D9,Asian Paints
rosette,8050,FDD8D0,Asian Paints
rose glow,8049,FAC9C1,Asian Paints
pale rose,5206,F9AFA9,Asian Paints
jaipur dreams,8047,F3968F,Asian Paints
coral island,8046,ED7E71,Asian Paints
rich maple-n,9988,CB6755,Asian Paints
ladakh rock-n,9989,9A544C,Asian Paints
macaroon pink-n,9990,E6AB9B,Asian Paints
aboli-n,9991,F4A094,Asian Paints
guava pink-n,9992,EE8486,Asian Paints
coral blush-n,9993,D06166,Asian Paints
moroccan rose-n,9994,B45259,Asian Paints
bordeaux burgundy-n,9995,9B4951,Asian Paints
deep rosewood-n,9996,8E5054,Asian Paints
maroon mood-n,9997,7.03E+43,Asian Paints
pink flamingo,8059,F7DDD8,Asian Paints
nursery pink,8058,FACDCA,Asian Paints
ruddy pink,8057,F9C5C4,Asian Paints
pink linen,8056,F3B2AF,Asian Paints
rose mist,8055,EA9897,Asian Paints
raspberry souffle,8054,E0817C,Asian Paints
ginger pop,8053,C65C51,Asian Paints
red roof-n,9998,B04844,Asian Paints
first crush,8067,F9DDD8,Asian Paints
tinge of pink,8066,FBD8D3,Asian Paints
spring rose,8065,FDC7C5,Asian Paints
tinker bell,8064,FAADAB,Asian Paints
pink candy,8063,F29495,Asian Paints
satin pink,8062,EB7A77,Asian Paints
jolokia red-n,9999,D15C5D,Asian Paints
ketchup red-n,K001,AA4D4F,Asian Paints
summer pink,8083,F7D4D2,Asian Paints
rose debut,8082,F6C1C4,Asian Paints
desert bloom,8081,F0B5B6,Asian Paints
pink carnation,8080,E5A3A5,Asian Paints
pink accent,8079,D58488,Asian Paints
may fair,8078,C66C6D,Asian Paints
geranium,509,B1554F,Asian Paints
burgundy rosso-n,K002,AC5655,Asian Paints
pearly pink,9412,F6EBE5,Asian Paints
strawberry whip,9411,F7DEDB,Asian Paints
pink juice,9410,F6C7C8,Asian Paints
pink essence,9409,F3B7B9,Asian Paints
early bloom,9408,E59BA0,Asian Paints
fruit pink,9407,DB878D,Asian Paints
rose meadows,9406,C7686A,Asian Paints
rich tomato,9405,AC4F49,Asian Paints
day dream,8091,F8D9DB,Asian Paints
garden pink,8090,FBCFD5,Asian Paints
ballet slippers,8089,F6B9C2,Asian Paints
rose bouquet,8088,F3ABB7,Asian Paints
wild pink,8087,E891A0,Asian Paints
young wine,8086,DA727F,Asian Paints
cherry crush-n,K003,AF494F,Asian Paints
heady wine-n,K004,A5464D,Asian Paints
pink dollop,8098,FAD5DB,Asian Paints
pink chenille,8097,F9C4D0,Asian Paints
climbing rose,8096,F7B4C3,Asian Paints
azalea,8095,EE91A8,Asian Paints
watermelon sorbet-n,K005,DD7B8D,Asian Paints
crimson cranberry-n,K006,B04C5B,Asian Paints
magenta rush-n,K007,9A4958,Asian Paints
fine wine,8109,81454F,Asian Paints
tinge of mauve,8107,EED4D4,Asian Paints
daisy bunch,8106,E5BEC0,Asian Paints
in vogue,8105,D4AAAF,Asian Paints
vintage rose,8104,C59497,Asian Paints
mauve medley,8103,AF7779,Asian Paints
bottled grape,8102,A2696A,Asian Paints
milan red,8101,7F4C4F,Asian Paints
gulkand-n,K008,7C4141,Asian Paints
graceful pink,8115,F4D8D8,Asian Paints
merrie pink,418,EAC2C7,Asian Paints
bed of roses,8113,DDABB4,Asian Paints
wild rose,8112,C98E9A,Asian Paints
bougainvillea pink-n,K009,C7898F,Asian Paints
rose water,8111,C18089,Asian Paints
wild berry,8110,B16E76,Asian Paints
bold bordeaux-n,K010,7A444B,Asian Paints
pink plume,0P13,E9CCD0,Asian Paints
peach blossom,8122,EDC4CB,Asian Paints
party pink,8121,E9B6BF,Asian Paints
rose lace,8120,DA9FAA,Asian Paints
petal pink,8119,D08E9A,Asian Paints
fox glove pink,5155,B76670,Asian Paints
velvet dream,8117,983F49,Asian Paints
burnt burgundy-n,K011,924651,Asian Paints
pink wink-n,K012,E9CCD0,Asian Paints
pink fog-n,K013,F2C4CE,Asian Paints
petal dew-n,K014,E9AABC,Asian Paints
periwinkle pink-n,K015,E592A4,Asian Paints
mediterranean pink-n,K016,CA8A9D,Asian Paints
mulberry blush-n,K017,A86571,Asian Paints
shiraz-n,K018,9F5A71,Asian Paints
wild prune,8125,953E4A,Asian Paints
first dawn,8131,F4DEE3,Asian Paints
rose rhapsody,8130,F2D2DD,Asian Paints
maiden pink,8129,F0BED2,Asian Paints
touch of rouge,8128,EBAEC7,Asian Paints
rich desire,8127,E191B2,Asian Paints
dragonfruit pink-n,K019,C9638A,Asian Paints
fuchsia fever-n,K020,B15675,Asian Paints
merlot rose-n,K021,84485C,Asian Paints
pink tinge-n,K022,EFD7DA,Asian Paints
pink eternity,8139,F4DCE1,Asian Paints
baby blush,8138,F2CFD9,Asian Paints
pixie dust,8137,EFBFCF,Asian Paints
quiet hush,8136,DDAEC2,Asian Paints
valentine,8135,D195AF,Asian Paints
damask rose,8134,B2708E,Asian Paints
berry brunch,8133,8E3F4F,Asian Paints
satin rose-n,K023,F2DFE1,Asian Paints
magical camelia-n,K024,D6BCC1,Asian Paints
mod mauve-n,K025,B0878F,Asian Paints
chocolate mauve-n,K026,9B767D,Asian Paints
violet vignette-n,K027,8D626D,Asian Paints
rosy ruby-n,K028,76484D,Asian Paints
grape jam-n,K029,674146,Asian Paints
grenache noir-n,K030,5E424B,Asian Paints
natural blush-n,K031,F1D2D8,Asian Paints
barbie pink-n,K032,D7B0B7,Asian Paints
delicate pansy-n,K033,C6A9AF,Asian Paints
sandstone rouge-n,K034,BE8D9D,Asian Paints
amaranthus-n,K035,AB8995,Asian Paints
calluna blossom-n,K036,A38290,Asian Paints
purple suede-n,K037,75666F,Asian Paints
purple night sky-n,K038,685D64,Asian Paints
spectre of pink,8147,EFDADF,Asian Paints
princess spell,8146,EACDD8,Asian Paints
rose window,8145,E8C2D4,Asian Paints
mauve halo,8144,D5AAC2,Asian Paints
pomegranate,8143,BD86A2,Asian Paints
electric pink,8142,B17693,Asian Paints
passion fruit,8141,814965,Asian Paints
startling purple-n,K039,5F4355,Asian Paints
spring petals,8171,ECD8E3,Asian Paints
pink hush,9106,E9CDDC,Asian Paints
autumn rose,8170,E8C8DC,Asian Paints
pink parasol,8169,E3BEDA,Asian Paints
french rose,8168,D2A9CD,Asian Paints
muted scarlet,8167,C698C0,Asian Paints
violet scream,8166,AF76A5,Asian Paints
marwar magenta-n,K040,894C79,Asian Paints
muskaan-n,K041,E0D8D1,Asian Paints
puoi pink-n,K042,D0BFC4,Asian Paints
garden glow,9431,B99AAB,Asian Paints
fading phlox-n,K043,9A7C9A,Asian Paints
fresh orchid,9111,917A95,Asian Paints
velvet plum,9110,86718B,Asian Paints
violet vibe-n,K044,615669,Asian Paints
violet moon-n,K045,50465E,Asian Paints
cool camellia-n,K046,D9CDCD,Asian Paints
quiet sky,9451,DEC8CE,Asian Paints
delicate feather-n,K047,D8C6C9,Asian Paints
clematis pink-n,K048,C3B3BE,Asian Paints
blooming lavender-n,K049,AD96A2,Asian Paints
heather blush-n,K050,998292,Asian Paints
lavender love-n,K051,95828E,Asian Paints
blackberry coulis-n,K052,715569,Asian Paints
sassy violet,8203,E5D5D9,Asian Paints
lavender dew,941,E9DFD9,Asian Paints
pink musing,8202,D1BDC8,Asian Paints
purple aura,8201,BCACB9,Asian Paints
plum cake,8200,A08EA0,Asian Paints
admiration,8199,917C8D,Asian Paints
orchard plum,8198,866D7F,Asian Paints
escapade,7141,504954,Asian Paints
currant creme-n,K053,C0B7B8,Asian Paints
smoked mauve-n,K054,BDBABC,Asian Paints
light lavendula-n,K055,B6ABAE,Asian Paints
arctic mauve-n,K056,A89FA5,Asian Paints
mauve meditation-n,K057,958B94,Asian Paints
black currant-n,K058,80717E,Asian Paints
purple diva-n,K059,695865,Asian Paints
thai purple-n,K290,594851,Asian Paints
desaturated pink-n,K060,B69EA9,Asian Paints
misty mauve-n,K061,AE9CA3,Asian Paints
light thistle-n,K062,886A7A,Asian Paints
muted purple-n,K063,896778,Asian Paints
viola indica-n,K064,806177,Asian Paints
opaque amethyst -n,K065,7E6776,Asian Paints
dark raisin-n,K066,96626B,Asian Paints
velvet stone-n,K067,684A57,Asian Paints
smog-n,K068,918682,Asian Paints
horseshoe-n,K069,8.87E+81,Asian Paints
milky mauve-n,K070,847982,Asian Paints
ash mauve-n,K071,837A7E,Asian Paints
ash bark-n,K072,716762,Asian Paints
plum pudding-n,K291,70525B,Asian Paints
almond burgundy-n,K292,675158,Asian Paints
dark ganache-n,K073,5C5152,Asian Paints
oriental hush-n,747,E4D9D9,Asian Paints
lilac dash,8210,D3C4C8,Asian Paints
shell purple,8209,BEB3BA,Asian Paints
noble purple,8208,A1969F,Asian Paints
evening pansy,8207,92858D,Asian Paints
cardinal,8206,80737B,Asian Paints
jamuni-n,K074,624D5A,Asian Paints
majestic purple,8205,594A56,Asian Paints
dhund-n,K075,B6B1AF,Asian Paints
mauve fog-n,K076,A1989A,Asian Paints
planet grey-n,K077,969195,Asian Paints
galactic grey-n,K078,898789,Asian Paints
lunar tune-n,K079,7E787B,Asian Paints
brushed metal-n,K080,767477,Asian Paints
dark pebble-n,K081,6B686A,Asian Paints
hot ganache-n,K082,4A4848,Asian Paints
grape delight,8220,E9E3DD,Asian Paints
lavender hush,8219,DDD4D2,Asian Paints
lilac elegance,8218,D0C7C6,Asian Paints
sensuous lilac,8217,BBB3B7,Asian Paints
royal crest,8216,ABA3A7,Asian Paints
lavender rose,8215,92898C,Asian Paints
plum island,8214,7D7376,Asian Paints
rich berry,8213,4C4448,Asian Paints
iced silver,8236,E7E4DF,Asian Paints
silica dream,8235,D7D3D0,Asian Paints
fleecy coat,8234,B8B4B5,Asian Paints
pigeon grey,8233,A1A0A4,Asian Paints
elegant grey,8232,86878B,Asian Paints
muted grey,8231,737072,Asian Paints
bentonite,8230,625F62,Asian Paints
burnt malt,8229,4D4847,Asian Paints
autumn day,8252,DADBD9,Asian Paints
october sky,8251,D1D0D0,Asian Paints
armour-n,686,B8BABD,Asian Paints
pilgrim,6129,A0A6AB,Asian Paints
moon crater,8248,7F858E,Asian Paints
whale cove,8247,6F747B,Asian Paints
deep mine,8246,5F646A,Asian Paints
tar road,8245,47484B,Asian Paints
globe thistle-n,K083,CFDCEA,Asian Paints
periwinkle tinge-n,K084,C2D1E4,Asian Paints
koala grey-n,K085,A8ACB2,Asian Paints
corporate grey-n,K086,9D9A9E,Asian Paints
stork grey-n,K087,8A9197,Asian Paints
quarry dust-n,K088,7D848C,Asian Paints
grey jay-n,K089,817C7A,Asian Paints
pure espresso-n,K090,5E5958,Asian Paints
lovely lavender,9468,DBD9D8,Asian Paints
frozen zanskar-n,K091,DCDCDD,Asian Paints
winter moon,8258,C7CACB,Asian Paints
smoke-n,616,AAB1B5,Asian Paints
electricity,8256,949DA4,Asian Paints
stone path,8255,6F767D,Asian Paints
silent night,8254,5D646A,Asian Paints
raven song,8253,40403F,Asian Paints
silver sleek-n,K092,C1C6C4,Asian Paints
sensibility,8267,BFCACC,Asian Paints
bali blue,8266,9FB2BA,Asian Paints
brook view,8265,8E9DA5,Asian Paints
voltage,8264,778790,Asian Paints
granite,630,68747B,Asian Paints
blue lake,8262,5E696F,Asian Paints
thunder cloud,8261,535456,Asian Paints
silver moon-n,K093,B6BAB6,Asian Paints
pearl grey-n,K094,B5BBBB,Asian Paints
terra luna-n,K095,798C91,Asian Paints
cold steel-n,K096,63747A,Asian Paints
matt onyx-n,K293,536166,Asian Paints
mineral ore-n,K097,565B5A,Asian Paints
black sand-n,K294,474C51,Asian Paints
teal black-n,K098,344845,Asian Paints
tear drop,9244,EAEEE7,Asian Paints
soft whisper,9476,E6E9E0,Asian Paints
shining blue,9475,D0DAD6,Asian Paints
sliver spring,9473,A3B8B9,Asian Paints
sky dark,9472,879BA0,Asian Paints
blazing blue,9471,6F848A,Asian Paints
sea pebbles,9470,54666B,Asian Paints
black sea,9469,434B4E,Asian Paints
clear sky,8275,CDD8D9,Asian Paints
water's edge,8274,B4C6CC,Asian Paints
grand bay,8273,9FB5BE,Asian Paints
blue horizon,8272,8DA3AE,Asian Paints
smoke grey,6134,708693,Asian Paints
ink grey,8270,546671,Asian Paints
carbon flint,8269,434B51,Asian Paints
starless night-n,K099,36444D,Asian Paints
sky tint-n,K100,D5D7D7,Asian Paints
tiara,978,CFD0CD,Asian Paints
steel,6142,BBBEBC,Asian Paints
cold flint,8289,9FA5A7,Asian Paints
stone age,8288,838A8B,Asian Paints
dusk cloud,8287,6A6F6F,Asian Paints
charcoal shadow,8286,5E6363,Asian Paints
mineshaft,8285,484A48,Asian Paints
quiet dawn-n,K101,D4D1C7,Asian Paints
ice age,8299,D7D3CD,Asian Paints
silver trinket,8298,C8C6C1,Asian Paints
platinum disc,8297,B7B5B0,Asian Paints
metallic grey,8296,A0A19F,Asian Paints
sleigh bells,8295,868685,Asian Paints
dark shadow,8294,666562,Asian Paints
carbon copy,8293,4C4844,Asian Paints
misty moon-n,K102,BCBFB6,Asian Paints
grey day-n,K103,A4A6A3,Asian Paints
silver veil-n,K104,8E928F,Asian Paints
nicobar pigeon-n,K105,818987,Asian Paints
weathered rock-n,K106,7C8081,Asian Paints
grey hare-n,K295,737A7F,Asian Paints
dark concrete-n,K107,737678,Asian Paints
pencil sketch-n,K296,575D62,Asian Paints
whispering smoke,8308,D6D5CF,Asian Paints
quicksilver,8307,C7C7C2,Asian Paints
silver grey,615,B8B9B4,Asian Paints
steel grey,643,A0A3A2,Asian Paints
grey matter,8304,838584,Asian Paints
shadow dance,8303,717270,Asian Paints
solemn grey,8302,636563,Asian Paints
coal mine,8301,50504D,Asian Paints
rose silver-n,K108,CAC9CD,Asian Paints
dove plume-n,K109,9C9D9E,Asian Paints
menhir-n,K297,868580,Asian Paints
rugged rock-n,K110,75736E,Asian Paints
elephanta-n,K111,747270,Asian Paints
brushed steel-n,K112,676665,Asian Paints
koala streak-n,K113,636262,Asian Paints
silt brown-n,K114,605653,Asian Paints
milky coffee-n,K115,C9C3BB,Asian Paints
stainless steel-n,K116,94908F,Asian Paints
dark thunder-n,K117,767271,Asian Paints
dolphin grey-n,K118,797470,Asian Paints
ash brown-n,K119,66645D,Asian Paints
rhino hide-n,K120,5E5D57,Asian Paints
moss land,8469,5B544A,Asian Paints
preserved olive-n,K121,554B40,Asian Paints
seagull bay-n,K122,B3B3AF,Asian Paints
blizzard grey-n,K123,A09E98,Asian Paints
heavy cloud-n,K124,9A9A90,Asian Paints
gathering storm-n,K125,868B86,Asian Paints
stormy grey-n,K126,7E807B,Asian Paints
graphite grey-n,K127,6A6E6B,Asian Paints
concrete jungle-n,K128,575A58,Asian Paints
charcoal chalk-n,K129,4F5450,Asian Paints
badal-n,K130,C6C7C0,Asian Paints
rhinestone,740,BCC1BC,Asian Paints
winter sky,8314,B1B8B4,Asian Paints
raw steel,8313,9AA2A2,Asian Paints
gothic grey,8312,808989,Asian Paints
roman stone,8311,6F7674,Asian Paints
iron ore,8310,616866,Asian Paints
antimony,8309,4C4F4C,Asian Paints
grey flannel,8331,C5C5BC,Asian Paints
nimbus shower,8330,B8B9AF,Asian Paints
monsoon mist-n,K131,AFAEA3,Asian Paints
diamond blade,8329,9CA09A,Asian Paints
oxford grey,8328,878A84,Asian Paints
burnished grey,8327,74766F,Asian Paints
moor lands,8326,686963,Asian Paints
eclipse,8325,56554E,Asian Paints
december frost,956,D5DAD3,Asian Paints
ocean cruise,8339,C5CEC9,Asian Paints
ash grey,603,BAC4BF,Asian Paints
aluminium,8337,9FABAA,Asian Paints
dark water,8336,869394,Asian Paints
flipper,8335,727E7D,Asian Paints
moonless sky,8334,64706F,Asian Paints
black moss-n,K298,405053,Asian Paints
misty harbour,8346,C2D1CB,Asian Paints
sea dreams,8345,B0C3BD,Asian Paints
mystic lake,8344,9EB1AF,Asian Paints
steel gleam,8343,819796,Asian Paints
fisherman's wharf,8342,617571,Asian Paints
seaweed salad-n,K132,4D5F5B,Asian Paints
cape royal,8341,3C5050,Asian Paints
shimla valleys-n,K133,3C4948,Asian Paints
peppermint air-n,K134,A9B2AA,Asian Paints
waterstone grey-n,K135,9.09E+95,Asian Paints
silver sage-n,K136,7F8B81,Asian Paints
basilico-n,K137,637165,Asian Paints
grey river-n,K138,5D685F,Asian Paints
faraway hill-n,K139,58635B,Asian Paints
green trinket-n,K140,5B6A64,Asian Paints
midnight oil,8333,484C4C,Asian Paints
meditation-n,K141,A9B7A8,Asian Paints
wise sage-n,K142,99A796,Asian Paints
dried marjoram-n,K143,949E8E,Asian Paints
stony brook-n,K144,849186,Asian Paints
foggy valley-n,K145,788073,Asian Paints
sage grey-n,K146,606A5C,Asian Paints
cave grey-n,K147,60655B,Asian Paints
old mountain-n,K148,585D55,Asian Paints
spring bud,9332,E2EDDC,Asian Paints
silver crescent,973,D3D8CE,Asian Paints
rain mist,8370,BBC5B9,Asian Paints
hurricane,8369,A2ACA3,Asian Paints
light grey,6118,8B958C,Asian Paints
green shadow,8367,7A8479,Asian Paints
dark cloud,8366,677167,Asian Paints
abyss,8365,52574E,Asian Paints
italian sage-n,K149,8F9A81,Asian Paints
bayleaf green-n,K150,889C7B,Asian Paints
darjeeling green-n,K151,728D6D,Asian Paints
coriander green-n,K152,636E4F,Asian Paints
banyan grove,8413,6A6C50,Asian Paints
pudina green-n,K153,6C6E46,Asian Paints
sahyadri green-n,K154,585C3E,Asian Paints
planterâ€™s trail-n,K155,4B4E40,Asian Paints
mountain stream,8387,D0D9C7,Asian Paints
pepper leaf,8386,BBC8B2,Asian Paints
pista cream-n,K156,A9C0AB,Asian Paints
dense woods,8385,A8B5A0,Asian Paints
green silence,8384,96A28D,Asian Paints
misty hills,8383,818D75,Asian Paints
spring delight,8382,728068,Asian Paints
garden party,8381,5C644E,Asian Paints
windswept,8395,CDD1C4,Asian Paints
grazing land,8394,BCC1B2,Asian Paints
hidden ravine,8393,A3A99C,Asian Paints
rucksack green,8392,878D80,Asian Paints
green valley,8391,7B8071,Asian Paints
hillside green,8390,6D7264,Asian Paints
enchanted forest,8389,5A5C4F,Asian Paints
green patina-n,K299,53554D,Asian Paints
pista glimmer,8403,CECEBE,Asian Paints
fernwood,8402,C1C1AF,Asian Paints
song of nature,8401,ACAE9D,Asian Paints
pineview,8400,989B8A,Asian Paints
mist flower,8399,8E9080,Asian Paints
spring's eve,8398,717362,Asian Paints
tanned green,8397,616151,Asian Paints
plantation hues-n,K157,545243,Asian Paints
mystical mist,8411,DBDDCA,Asian Paints
quiet hour,8410,C4C8B0,Asian Paints
ethereal sage-n,K158,B5BCA5,Asian Paints
dream weaver,8409,B1B5A1,Asian Paints
woodlands,8408,A0A58E,Asian Paints
cool water,8407,8A8D75,Asian Paints
green dusk,8406,7A7D66,Asian Paints
bamboo grove,8405,64644F,Asian Paints
celadon,0W50,DEE0CD,Asian Paints
minty ale,8419,D1D5BD,Asian Paints
forest,8418,C5CBB1,Asian Paints
herb bouquet,8417,AFB69C,Asian Paints
moody green,8416,929A80,Asian Paints
herbal spa,8415,868D6F,Asian Paints
mossy bark,8414,7A8164,Asian Paints
baby olive-n,K159,6C735D,Asian Paints
crusade-n,684,DAD5C7,Asian Paints
stone steps,8426,C4C0B0,Asian Paints
marble quarry,8425,ACAB9D,Asian Paints
rock wall,8424,99988A,Asian Paints
grey cloud,8423,8E8E80,Asian Paints
smoked green,8422,726F61,Asian Paints
tea leaf,8421,6.25E+52,Asian Paints
brigade green-n,K160,5A5343,Asian Paints
grey tint,8435,D6D0C5,Asian Paints
nickel grey,6126,C1BBAE,Asian Paints
smoky mountain,8433,A7A59C,Asian Paints
garden bench,8432,8D8980,Asian Paints
nagaon beach-n,K161,837F75,Asian Paints
rolling stone,8431,7B766B,Asian Paints
stoic grey,8430,7.46E+66,Asian Paints
bravo,8429,565147,Asian Paints
silver mine,8443,DED6C9,Asian Paints
weathered white,8442,D2C9BB,Asian Paints
chapel grey,8441,B0A89D,Asian Paints
river silt,8440,958F87,Asian Paints
wrought iron,8439,857C72,Asian Paints
mud carnival-n,K162,706C64,Asian Paints
grey blast,8438,746C62,Asian Paints
burnt metal,8437,64594D,Asian Paints
raw cotton,8459,DED5C6,Asian Paints
creamy crust,9514,D1C6B5,Asian Paints
silk route,0N13,CCBEAD,Asian Paints
sands of time,4202,C8B8A6,Asian Paints
butter rum,8456,B0A494,Asian Paints
tropical tan,8455,998C7C,Asian Paints
dull birch,8454,7D6E5D,Asian Paints
mocha mousse,8453,695B4B,Asian Paints
desert palm,8467,D6CCBD,Asian Paints
twinkling star,8466,C7BDAD,Asian Paints
desert beige,8465,B2AA9D,Asian Paints
brown points,9513,ABA195,Asian Paints
antartica,8464,988F81,Asian Paints
rock canyon,8463,867C6D,Asian Paints
riverbed sand,8462,766D5E,Asian Paints
stone creek,8461,6.85E+52,Asian Paints
snow fall,8475,DDD4CA,Asian Paints
pisces,8474,D0C7BC,Asian Paints
oyster grey,8473,C5BCB0,Asian Paints
neutral ground-n,K163,B9B4A8,Asian Paints
wild mushroom,8472,A8A097,Asian Paints
digital grey,8471,867D72,Asian Paints
barn owl-n,K300,837A6E,Asian Paints
igneous rock,8470,7.76E+65,Asian Paints
grey buck,8482,D5CDB6,Asian Paints
river sand,9522,D2C5A9,Asian Paints
beach house,8481,CBC1A9,Asian Paints
beach comber,8480,A49C86,Asian Paints
turtle shell,8479,938970,Asian Paints
bay leaf,8478,867C63,Asian Paints
willow song,8477,786A4E,Asian Paints
marshland-n,K164,5F523E,Asian Paints
meadow lark,8499,E7DDCC,Asian Paints
basra pearl-n,974,E2D6C2,Asian Paints
warmstone,0N02,C6B9A6,Asian Paints
burnt yellowstone-n,4120,AEA08C,Asian Paints
highland grass,8495,A19077,Asian Paints
african plain,8494,928269,Asian Paints
olive grove,8493,655745,Asian Paints
camouflage brown-n,K165,59493F,Asian Paints
wolf lichen-n,K166,8F743C,Asian Paints
cherrapunji green-n,K167,877038,Asian Paints
brined olive-n,K168,7B683B,Asian Paints
marsh green-n,K169,7D6639,Asian Paints
long live olive-n,K170,72603B,Asian Paints
seaweed brown-n,K171,726448,Asian Paints
greenathon-n,K172,6F644A,Asian Paints
olive lake-n,K173,595041,Asian Paints
ragi brown-n,K174,9D7B42,Asian Paints
multani mitti-n,K175,907851,Asian Paints
brown mustard-n,K176,816945,Asian Paints
colonelâ€™s orders-n,K177,716046,Asian Paints
olive hill-n,K178,6A5E47,Asian Paints
pepper verde-n,K179,6D614C,Asian Paints
alleppey waters-n,K180,665E4A,Asian Paints
summer grove-n,K181,635947,Asian Paints
touch of beige,8508,F1E6D2,Asian Paints
moon beam,949,EFE0C7,Asian Paints
dusty trail,8506,E1CBA7,Asian Paints
beige accent,8505,D1BA96,Asian Paints
wood fence,8504,BEA57E,Asian Paints
barefoot beach,8503,B2966A,Asian Paints
bottled olives,8502,A6895E,Asian Paints
pampas,8501,91764B,Asian Paints
daybreak,942,F0E6D2,Asian Paints
pine nut,3196,EBDEC7,Asian Paints
sweet corn,4214,E0CDAE,Asian Paints
tropics,8513,D1BB9C,Asian Paints
almond sand,8512,BCA381,Asian Paints
soft moccasin,8511,B39871,Asian Paints
svelte leather,8510,A18660,Asian Paints
cozy cabin,8509,856C4B,Asian Paints
garlic pod,8524,F3E5CC,Asian Paints
magnolia,387,F1DBBD,Asian Paints
ivory,315,EACDA7,Asian Paints
buttercup-n,336,DEBC97,Asian Paints
balsam brown,8520,CBA479,Asian Paints
sunderbans,8519,BC9161,Asian Paints
golden prairie,8518,B38859,Asian Paints
gold standard,8517,9C744A,Asian Paints
easter lily,8532,EFE0CB,Asian Paints
bonewhite,964,EAD8BE,Asian Paints
valley flower,8530,E3CCAE,Asian Paints
swiss coffee,4215,D4BA9D,Asian Paints
bush land,8528,BFA080,Asian Paints
antelope,8527,B49370,Asian Paints
mexican hills,8526,A48462,Asian Paints
royal crown,8525,91704F,Asian Paints
deerskin-n,K182,A27F5E,Asian Paints
loris brown-n,K183,A3835D,Asian Paints
brass olive-n,K184,8B7052,Asian Paints
tadoba grass-n,K185,7D6449,Asian Paints
dark fawn-n,K186,7.65E+48,Asian Paints
autumn twig-n,K187,7.95E+44,Asian Paints
herbal tonic-n,K188,6F5B46,Asian Paints
ranthambore creek-n,K189,5D4F42,Asian Paints
old lace,950,EFDFCB,Asian Paints
river reed,8539,E8D3BA,Asian Paints
fennel seed,8538,E1C5A9,Asian Paints
milk chocolate,8537,D1B296,Asian Paints
barren oak,8536,BB9C7F,Asian Paints
brown tan,8535,AF8C6B,Asian Paints
caramel custard,8534,A27B5B,Asian Paints
honeycomb,8533,916D4C,Asian Paints
coral treasure,975,EBDCCD,Asian Paints
antique white,940,E4D1BF,Asian Paints
heritage hills,8554,DBC3AE,Asian Paints
dawn,469,D3B9A3,Asian Paints
light coffee,470,BEA694,Asian Paints
sandstone,3211,A48B77,Asian Paints
earth song,8550,8A6E59,Asian Paints
cafe latte,8549,7A604C,Asian Paints
sweet dreams,8564,F3E3D1,Asian Paints
cane beige,8563,F2DCC4,Asian Paints
ceramic,3122,EBCFB3,Asian Paints
oak leaf,8561,E7C8A9,Asian Paints
light buff,362,DBB79A,Asian Paints
peanut butter,8559,C89E7D,Asian Paints
african desert,8558,AC7D5A,Asian Paints
roast brown,4198,9E6F4A,Asian Paints
victorian wisp,0N68,F1E4D3,Asian Paints
dune walk,8571,E9D0B9,Asian Paints
talc,0N22,E5C8B0,Asian Paints
hazel nut,8569,D1AF96,Asian Paints
indian spice,8568,BB987E,Asian Paints
rustic charm,8567,AF896B,Asian Paints
tree bark,8566,9F795E,Asian Paints
cairo bazaar,8565,86624A,Asian Paints
memories,8580,EFDFCE,Asian Paints
baked biscuit,8579,E7CEB8,Asian Paints
calamine,8578,DCBDA5,Asian Paints
brown paper,8577,CAAC97,Asian Paints
country roads,8576,B19179,Asian Paints
straw mat,8575,A48167,Asian Paints
burnished caramel,8574,99745C,Asian Paints
mochaccino,8573,896650,Asian Paints
spice,477,EAD2BE,Asian Paints
sand clock,8586,DBBBA5,Asian Paints
apricot-n,501,C9A995,Asian Paints
dry acorn,8584,AF8E79,Asian Paints
pharoah,4194,A7826A,Asian Paints
brown sugar,8582,97735C,Asian Paints
antique brass,8581,805D47,Asian Paints
rich chocolate,8645,6B5044,Asian Paints
honey oatmeal-n,K190,9C693E,Asian Paints
malanga root-n,K191,8D623E,Asian Paints
desert shrub-n,K192,896346,Asian Paints
burnt toffee-n,K193,8D5D3F,Asian Paints
cedar bark-n,K194,875D40,Asian Paints
millet brown-n,K195,805C41,Asian Paints
mulethi roots-n,K196,6D5343,Asian Paints
dark kaapi-n,K197,5E4C3E,Asian Paints
arabica roast-n,K198,A67A5F,Asian Paints
arabian dune-n,K199,AC795E,Asian Paints
hazelnut mousse-n,K200,A26B4D,Asian Paints
brown deer-n,K201,925D45,Asian Paints
sarawak-n,K202,875D49,Asian Paints
wildebeest run-n,K203,7E5B49,Asian Paints
charred umber-n,K204,785C4B,Asian Paints
muddy creek-n,K205,715548,Asian Paints
camel skin,9530,D6BDA3,Asian Paints
warm khaki-n,K206,AA8B70,Asian Paints
borneo river-n,K207,A3826A,Asian Paints
brown bread,9526,8E725A,Asian Paints
orangutan brown-n,K208,7E624F,Asian Paints
reindeer coat-n,K209,75574A,Asian Paints
havana cigar-n,K210,6.04E+44,Asian Paints
river soil-n,K211,594F4A,Asian Paints
crystal beach,8596,F3E5D4,Asian Paints
brick pile,8595,F2D4B9,Asian Paints
barley,572,EFC9AC,Asian Paints
poetry,5219,EAC0A3,Asian Paints
light biscuit-n,318,DDAD90,Asian Paints
lazy brown,8591,C99374,Asian Paints
copper leaf,523,B27856,Asian Paints
ethnic brown,8589,A16646,Asian Paints
windsor cream,989,F1E0D1,Asian Paints
beach shack,8603,ECD5C3,Asian Paints
herbal pack,8602,DEBBA3,Asian Paints
red marble,5226,CCA692,Asian Paints
country beige,8600,BF9680,Asian Paints
ginger bread,8599,B2856D,Asian Paints
tawny sky,8598,A3745D,Asian Paints
nut brown-n,419,735346,Asian Paints
waking earth,8612,F2DBCC,Asian Paints
flushed brown,8611,EFC7B5,Asian Paints
bonny peach,8610,E7B6A2,Asian Paints
ancient inca,8609,E6B39E,Asian Paints
peach nectar,8608,D59F8D,Asian Paints
marco polo,8607,C08371,Asian Paints
brownstone,4234,A76955,Asian Paints
truffle surprise,8605,9D5646,Asian Paints
vanity,5260,EED6CB,Asian Paints
palace lights-n,0N17,EFD0C2,Asian Paints
blushing rose,5117,E2B6A5,Asian Paints
sunbaked clay,8617,D4A597,Asian Paints
rustic pottery,8616,C69384,Asian Paints
copper coast,8615,B37765,Asian Paints
brick red-n,533,A46856,Asian Paints
old brick,8613,8A5443,Asian Paints
dessert love-n,K212,9C6B60,Asian Paints
apricot nut-n,K213,84554C,Asian Paints
chocolate fudge-n,K214,7.24E+47,Asian Paints
dark horse-n,K215,6F4F44,Asian Paints
banyan trunk-n,K216,6C5146,Asian Paints
stallion brown-n,K217,655046,Asian Paints
tempered chocolate-n,K218,5F4740,Asian Paints
otter brown-n,9582,594642,Asian Paints
truffle,8635,F8DCCF,Asian Paints
cold candy,5132,F0C3B2,Asian Paints
timber ridge,8633,E5A996,Asian Paints
rocky cliff,8632,D79887,Asian Paints
prairie island,8631,C17C6D,Asian Paints
navajo dust-n,K219,BF725F,Asian Paints
copper,587,AC6451,Asian Paints
terracotta-n,427,8E4B3F,Asian Paints
almond kiss,8643,E8C8BD,Asian Paints
brick clay,8642,E0BAAD,Asian Paints
warm sands,8641,D4A69A,Asian Paints
lingering brew,7027,C0938A,Asian Paints
brick tone,8639,A37064,Asian Paints
inner bark,8638,936054,Asian Paints
moody maroon,4181,6E4845,Asian Paints
brownie points-n,K220,644642,Asian Paints
twilight hush,944,E9DBD1,Asian Paints
rose petal,0R08,D9C4B9,Asian Paints
camel,8650,CCB4A8,Asian Paints
hidden vale,8649,B8A097,Asian Paints
brandy,4115,A78E85,Asian Paints
spice variety,8647,997D71,Asian Paints
java beans,8646,82675B,Asian Paints
bavarian chocolate-n,K221,6C4E48,Asian Paints
sparrow feather,8659,D9C9C0,Asian Paints
quarry stone,8658,CBB9B0,Asian Paints
dancing deer,8657,C2AEA5,Asian Paints
mud house,8656,AC9993,Asian Paints
cappuccino,8655,8C766D,Asian Paints
frosted chocolate,8654,756159,Asian Paints
wet clay-n,K222,6E5D53,Asian Paints
caffeine,8653,5B4942,Asian Paints
palm peach,8675,F4D4CA,Asian Paints
coral bells,8674,EDBCB1,Asian Paints
cedar path,8673,E6AAA0,Asian Paints
cinnamon rose,8672,CB877E,Asian Paints
pink sandstone-n,K223,CA8379,Asian Paints
spice jar,8671,B36C64,Asian Paints
mohican trail,8670,A65B4F,Asian Paints
marooned brown,8669,8A4A45,Asian Paints
soothing silk,9531,E1CEB8,Asian Paints
blush cream-n,K224,EDDAC7,Asian Paints
peach macaron-n,K225,ECCEBA,Asian Paints
macadamia cream-n,K226,C3937C,Asian Paints
tea brown-n,K227,BD7D6C,Asian Paints
nutmeg cream-n,K228,B86D62,Asian Paints
cinnamon sprinkle-n,K229,9F574B,Asian Paints
peri peri-n,K230,8C483A,Asian Paints
pink clam-n,K231,E8D2C9,Asian Paints
strawbella-n,K232,F3D5CE,Asian Paints
chantilly strawberry-n,K233,F3CCC4,Asian Paints
strawberry shortcake-n,K234,E6BEB3,Asian Paints
baby bunny-n,K235,E1B5A7,Asian Paints
pinkish beige-n,K236,D6A499,Asian Paints
irish creme coffee-n,K237,9F7B70,Asian Paints
earthen symphony-n,K238,9.56E+65,Asian Paints
light latte-n,K239,D9C7BB,Asian Paints
luminous dawn-n,K240,DEC0B4,Asian Paints
raspberry shell-n,K241,E2BFB3,Asian Paints
warm pink-n,K242,EFBAAD,Asian Paints
coral room-n,K243,DFA79C,Asian Paints
powder rouge-n,K244,AD776D,Asian Paints
soapstone rose-n,K245,B2736A,Asian Paints
sequoia bark-n,K246,956058,Asian Paints
camellia bud-n,K247,F6DDCF,Asian Paints
oyster blush-n,K248,F9D9C9,Asian Paints
raspberry pannacotta-n,K249,FED0C5,Asian Paints
pleasant dreams-n,K250,F9C9BC,Asian Paints
talc pink-n,K251,E3B1A9,Asian Paints
wispy warmth-n,K252,CCA49D,Asian Paints
warm mauve-n,K253,BE8985,Asian Paints
honey sheesham-n,K254,7A4841,Asian Paints
dawn blush-n,K255,E2D1C7,Asian Paints
paradise light-n,K256,F6E5DB,Asian Paints
champagne pink-n,K257,F7E3DD,Asian Paints
softest rose-n,K258,EDD4D1,Asian Paints
subtle mauve-n,K259,D9BBB1,Asian Paints
dreamy pink-n,K260,CAABA2,Asian Paints
pastel mauve-n,K261,B8958E,Asian Paints
rosewood rouge-n,K262,8A4D4A,Asian Paints
white flame,8708,F1DEDB,Asian Paints
pink embrace,8698,DCC1C3,Asian Paints
pink compact,8697,D1B0B4,Asian Paints
pampered pink,8696,BD9DA3,Asian Paints
vintage wine,8695,A48289,Asian Paints
spring bliss,8694,8C686A,Asian Paints
cheerful cherry,8693,774A4C,Asian Paints
smoked chestnut-n,K263,684344,Asian Paints
almond white,8692,EAD7D3,Asian Paints
morning light,8691,E2CCC9,Asian Paints
mountain retreat,8690,D6BDBA,Asian Paints
jewel sand,8689,C9ACAA,Asian Paints
indian earth,8688,B39797,Asian Paints
deep currant,8687,98797A,Asian Paints
chocolate cherry,8686,846161,Asian Paints
mahogany,0R05,6E4143,Asian Paints
vibrant blush,8707,EBD3D3,Asian Paints
spring season,8706,E7C7CB,Asian Paints
rose plume,8705,DFB8BE,Asian Paints
noah's ark,8704,CCA5AE,Asian Paints
root beer,8703,B38893,Asian Paints
grape punch,8702,9B6E78,Asian Paints
very berry,8701,764752,Asian Paints
plum brunette-n,K264,6C4850,Asian Paints
strawberry,481,E6D0D3,Asian Paints
pink bloom,8714,D6B9BD,Asian Paints
shrub rose,8713,D1B2B7,Asian Paints
winter cherry,8712,C29FA6,Asian Paints
sea shell rose,8711,A8818B,Asian Paints
cheer up,8710,90676C,Asian Paints
vine yard,8709,7A4F58,Asian Paints
wine harvest-n,K265,784852,Asian Paints
lilac grey-n,K266,947F7B,Asian Paints
creme de cacao-n,K267,927169,Asian Paints
drinking chocolate-n,K268,7C625A,Asian Paints
mocha love-n,K269,79625C,Asian Paints
falcon feather-n,K270,725B54,Asian Paints
algerian chocolate-n,K271,6C574F,Asian Paints
muddy taupe-n,K272,61534B,Asian Paints
weathered alluvium-n,K273,4F4744,Asian Paints
serene grey-n,K274,ACAAA9,Asian Paints
silverfish-n,K275,A7A3A5,Asian Paints
quiet dusk-n,K276,9.88E+89,Asian Paints
grey wind-n,K277,85746F,Asian Paints
stalactite-n,K278,807570,Asian Paints
kahlua creme-n,K279,756866,Asian Paints
deep umber-n,K280,685954,Asian Paints
dark soil-n,K281,584B45,Asian Paints
country chic-n,K282,D4CCC4,Asian Paints
maple syrup,8747,D8C9C4,Asian Paints
mauve star,8746,C9B9B4,Asian Paints
misty rose,8745,BBA8A4,Asian Paints
mystery,8744,A29292,Asian Paints
rave raisin,8743,877778,Asian Paints
lumber jack,8742,715E5B,Asian Paints
weathered oak,8741,5B4842,Asian Paints
sound of music,8756,DBD1C8,Asian Paints
fawn,0N05,D1C5BC,Asian Paints
desert dune,8754,C1B3AB,Asian Paints
earl grey,8753,A79B95,Asian Paints
utopia,8752,90827D,Asian Paints
toasted toffee,8751,7F6F67,Asian Paints
mohawk valley,8750,74655E,Asian Paints
dried spices,8749,534842,Asian Paints
southern sand,8780,E6DBCF,Asian Paints
moccasin,8763,D9CCC0,Asian Paints
cookie dough,8762,C6B7AA,Asian Paints
grey sandstone,8761,AEA39A,Asian Paints
english castle,8760,968C82,Asian Paints
timber land,8759,897B70,Asian Paints
evening shade,8758,776B60,Asian Paints
kayak,8757,64564A,Asian Paints
cambridge,8771,DACFC4,Asian Paints
beige rage,8770,C6B6AA,Asian Paints
taupe tone,8769,B0A197,Asian Paints
wild west,8768,A09085,Asian Paints
hawaiian shack,8767,9.17E+73,Asian Paints
brownie,8766,8.06E+63,Asian Paints
roasted beans,8765,69564A,Asian Paints
tuscan olive-n,K283,655342,Asian Paints
desert dreams,8779,E1D1C2,Asian Paints
walnut cream,8778,D4C2B2,Asian Paints
beige-n,302,C4B0A0,Asian Paints
dark ash,8776,B09E91,Asian Paints
rock crystal,8775,97867A,Asian Paints
wooden chest,8774,7E6B5E,Asian Paints
dark chocolate-n,K284,70584C,Asian Paints
vintage walnut,8773,685547,Asian Paints
laal-i,X179,CE4A51,Asian Paints
pure red,8093,C73D3C,Asian Paints
rich rouge,X122,B94A4E,Asian Paints
scarlet,8085,BA3E44,Asian Paints
anar-i,X185,A0464E,Asian Paints
red alert,X124,A5414F,Asian Paints
crimson depth,X123,914048,Asian Paints
raisin delight,X127,694C4C,Asian Paints
yogi-i,X174,EF8141,Asian Paints
sunrise,526,E37342,Asian Paints
palash-i,X177,E27043,Asian Paints
hot shot,8021,E86543,Asian Paints
centre stage,8045,DB5849,Asian Paints
rodeo,X117,BC4D42,Asian Paints
signal red,520,B83F3E,Asian Paints
red red,X118,9B4841,Asian Paints
goldfish,7973,F57E33,Asian Paints
gulmohar-i,X206,F27C35,Asian Paints
camp fire,X114,EF6F38,Asian Paints
orange tango,X113,DD653C,Asian Paints
sahara sunset,X115,DC5439,Asian Paints
deep orange,506,D34B3D,Asian Paints
code red,X120,BA433A,Asian Paints
cider red,X116,A85141,Asian Paints
orange vision,X110,FB9C31,Asian Paints
orange crown,7974,FE9B4F,Asian Paints
orange peel,7957,FE932B,Asian Paints
morning raga-i,X221,F99434,Asian Paints
glorious sunset,X111,F38933,Asian Paints
glowing rust,X112,E1753A,Asian Paints
maati-i,X207,AD5B39,Asian Paints
gerua-i,X196,9E5639,Asian Paints
kesar delicacy-i,X170,FCA734,Asian Paints
fire globe,7950,FEAF48,Asian Paints
turmeric,7941,FEA800,Asian Paints
mango mood,X109,FEAB1E,Asian Paints
gulbahar-i,X220,FBA122,Asian Paints
thar desert,7917,EF9F26,Asian Paints
passion flower,X107,D99531,Asian Paints
mid buff,3176,BF8843,Asian Paints
desert glow,7910,FEC547,Asian Paints
boondi-i,X161,FE9D34,Asian Paints
mango,7909,FEB600,Asian Paints
surajmukhi-i,X219,F9AD30,Asian Paints
radiance,7893,F3AE35,Asian Paints
mustard,7901,EDAB2A,Asian Paints
golden jejuri-i,X169,E7A230,Asian Paints
jaipur safari-i,X172,C59552,Asian Paints
sonchafa-i,X216,FEC22C,Asian Paints
polka,7869,FEBF19,Asian Paints
dhoop-i,X166,F1BC47,Asian Paints
golden alphonso-i,X218,EDB130,Asian Paints
pukhraj-i,X217,E6AD3E,Asian Paints
makai dana-i,X214,DAA83D,Asian Paints
peeli sarson-i,X173,CB9430,Asian Paints
ochre shadow,X106,BE8D40,Asian Paints
golden ray,7870,FECE48,Asian Paints
sunny yellow,7861,FECA26,Asian Paints
lemon ole,X105,FEC200,Asian Paints
pondicherry yellow-i,X215,EAB630,Asian Paints
mahua-i,X167,D7AD55,Asian Paints
gold rush,X101,DBB032,Asian Paints
mustard field,X102,D3A72E,Asian Paints
fasal-i,X213,CB9E36,Asian Paints
yellow marigold,7862,FED64E,Asian Paints
fresh mosambi-i,X212,FECC44,Asian Paints
sporty yellow,X104,FEC52E,Asian Paints
victorian gold,X103,EEB81B,Asian Paints
sunny sonmarg-i,X210,D3B733,Asian Paints
summer fern,7829,CCAE27,Asian Paints
kairi panha-i,X225,AF9E36,Asian Paints
sugarcane juice-i,X224,918337,Asian Paints
baisakhi yellow-i,X168,FACA17,Asian Paints
amrud-i,X209,DFC941,Asian Paints
amla green-i,X223,CCC038,Asian Paints
lemon blast,9365,AAB233,Asian Paints
sporting green,7741,ADB328,Asian Paints
paan-i,X222,929D3A,Asian Paints
chrome green,X160,78874D,Asian Paints
forest glade,X158,65844C,Asian Paints
dhaani-i,X165,D9D25C,Asian Paints
festivity,7774,D9CF4C,Asian Paints
lemon souffle,7773,CFC831,Asian Paints
jugnu-i,X211,B0C645,Asian Paints
loud lime,X159,7AA834,Asian Paints
konkan green-i,X176,4CB067,Asian Paints
madras green-i,X184,208264,Asian Paints
hill and vale,X156,39734F,Asian Paints
blade of grass,7566,36B07F,Asian Paints
sawan-i,X175,03A873,Asian Paints
basant bahar-i,X193,009B6C,Asian Paints
sanobar-i,X192,8863,Asian Paints
hariyali-i,X194,007F55,Asian Paints
emerald lights,X155,346C4D,Asian Paints
cilantro,7581,3F6E4F,Asian Paints
amazon moss,X153,446559,Asian Paints
rustic turquoise,7438,009BA7,Asian Paints
neelkanth-i,X182,008D9F,Asian Paints
jal tarang-i,X183,007D91,Asian Paints
polished blue,X149,7681,Asian Paints
deep indus-i,X181,356B74,Asian Paints
turquoise ocean,X151,386468,Asian Paints
night at sea,X152,365C5F,Asian Paints
teal dream,X150,38555D,Asian Paints
samudra-i,X171,63B0D1,Asian Paints
mughal blue,7359,4BA1C3,Asian Paints
sagar-i,X190,0086B1,Asian Paints
kedarnath skies-i,X191,007C9F,Asian Paints
mineral blue,X147,7791,Asian Paints
deep firozi-i,X164,6982,Asian Paints
peacock blue-n,161,006A7E,Asian Paints
pigeon crest,X148,2E5B6F,Asian Paints
greek vase,7328,6AAFD9,Asian Paints
inkjet,7327,55A3D3,Asian Paints
jodhpur walls-i,X195,2176AC,Asian Paints
neelam-i,X189,0077AB,Asian Paints
nabha-i,X188,00699D,Asian Paints
ocean force,X146,1D628A,Asian Paints
inky sea,X145,355775,Asian Paints
colonial blue,X144,3C5370,Asian Paints
festive purple-i,X180,6C639A,Asian Paints
arabian nights-i,X186,695283,Asian Paints
egg plant delite,7157,5C4F80,Asian Paints
banaphool-i,X187,4F4F82,Asian Paints
blue berry,7213,484C7B,Asian Paints
imperial blue,7245,404E7E,Asian Paints
nautical mile,X142,41567C,Asian Paints
royal wave,X143,434F65,Asian Paints
gulabi-i,X178,CA6EA2,Asian Paints
gulbakshi-i,X205,C56496,Asian Paints
grape riot,X138,8E537F,Asian Paints
very fuschia,X137,884769,Asian Paints
violet saga,X139,704964,Asian Paints
violet paradise,X140,6B4C6C,Asian Paints
midnight interlude,X141,5C4B6A,Asian Paints
hip purple,8197,584454,Asian Paints
peshwai pink-i,X204,DC7E9C,Asian Paints
shocking pink,8126,D47094,Asian Paints
deep pink,X132,A64668,Asian Paints
violet delight,X131,8F4758,Asian Paints
regal purple,X133,89435D,Asian Paints
purple prose,X136,75475D,Asian Paints
cherry bon bon,X135,6C4454,Asian Paints
kokam-i,X162,613D4E,Asian Paints
cupid,8094,E8778C,Asian Paints
auspicious red-i,X202,C04756,Asian Paints
cherry brandy,X126,A74D5D,Asian Paints
moulin rouge,X125,A2495B,Asian Paints
raspberry crush,X130,8.04E+57,Asian Paints
burgundy plus,X129,7F454B,Asian Paints
dark cherry,X128,71474B,Asian Paints
burnt violet,X134,614850,Asian Paints
sindoor-i,X199,A24B53,Asian Paints
aalta-i,X203,AA4B5A,Asian Paints
lalbaug-i,X200,994A5B,Asian Paints
kanchipuram red-i,X201,9E4957,Asian Paints
beet red-i,X198,994853,Asian Paints
ambadi-i,X197,904753,Asian Paints
apple sangria-i,X163,82484F,Asian Paints
kashmiri kesar-i,X208,6F4145,Asian Paints